saves,savedShotsFromInsideTheBox,punches,crossesNotClaimed,cleanSheet,savedShotsFromOutsideTheBox,runsOut,penaltyFaced,goalsConcededInsideTheBox,successfulRunsOut,penaltySave,goalsConcededOutsideTheBox,highClaims,rating,player.id,team.id
6,5,0,0,0,1,0,0,0,0,0,0,1,7.7,145054,1955
5,3,2,0,0,2,0,1,1,0,0,0,4,7.6,1507616,1982
35,22,12,0,5,12,6,0,5,5,0,0,1,7.5,840103,1966
0,0,0,0,4,0,0,0,12,0,0,7,0,7.49,840020,1963
0,0,0,0,9,0,0,0,19,0,0,4,0,7.45,34705,1977
8,6,3,0,1,2,2,0,1,2,0,0,4,7.45,839514,5926
0,0,0,0,1,0,0,0,2,0,0,1,0,7.33,358530,1968
7,5,2,0,1,2,1,0,1,1,0,0,1,7.3,1106840,1955
24,11,2,0,1,13,3,1,5,3,0,1,1,7.3,1119887,1967
0,0,0,0,1,0,0,0,8,0,0,1,0,7.29,147464,1963
0,0,0,0,3,0,0,0,41,0,0,3,0,7.27,16943,5926
13,7,0,0,1,6,0,1,3,0,0,0,5,7.27,34141,1963
0,0,0,0,1,0,0,0,20,0,0,4,0,7.26,789100,1958
0,0,0,0,2,0,0,0,18,0,0,2,0,7.24,333587,5981
0,0,0,0,10,0,0,0,10,0,0,1,0,7.21,338937,1981
40,21,9,2,8,19,1,1,9,1,0,1,5,7.21,1140986,5981
77,48,6,0,5,28,7,4,19,7,1,3,8,7.21,1105835,5981
0,0,0,0,1,0,0,0,20,0,0,4,0,7.2,808785,1967
1,0,1,0,1,1,0,0,0,0,0,0,0,7.2,942061,1954
1,1,1,0,1,0,0,0,0,0,0,0,1,7.2,879859,2020
7,5,0,0,1,2,0,0,1,0,0,0,2,7.2,1018555,1977
0,0,0,0,0,0,0,0,3,0,0,2,0,7.18,1046501,2020
0,0,0,0,1,0,0,0,13,0,0,4,0,7.17,954719,1982
0,0,0,0,5,0,0,0,16,0,0,3,0,7.17,583974,1974
0,0,0,0,4,0,0,0,15,0,0,2,0,7.16,826343,1957
0,0,0,0,13,0,0,0,19,0,0,1,0,7.15,331397,1999
0,0,0,0,4,0,0,0,17,0,0,4,0,7.15,885179,1977
0,0,0,0,6,0,0,0,17,0,0,2,0,7.15,385916,1977
0,0,0,0,2,0,0,0,15,0,0,3,0,7.15,245159,1954
0,0,0,0,12,0,0,0,25,0,0,1,0,7.14,870556,1999
24,11,1,0,1,12,0,1,5,0,0,0,2,7.13,358418,2020
0,0,0,0,13,0,0,0,26,0,0,4,0,7.13,870787,1954
86,56,19,0,15,30,21,7,24,19,1,1,14,7.13,844576,1999
0,0,0,0,1,0,0,0,14,0,0,4,0,7.13,340519,1981
97,58,19,0,14,38,11,1,22,10,0,4,27,7.12,870748,1977
0,0,0,0,9,0,0,0,13,0,0,4,0,7.12,250351,1963
0,0,0,0,5,0,0,0,12,0,0,1,0,7.12,869643,1999
0,0,0,0,11,0,0,0,28,0,0,4,0,7.12,358548,5981
0,0,0,0,14,0,0,0,29,0,0,4,0,7.12,840220,5981
0,0,0,0,8,0,0,0,14,0,0,7,0,7.12,273329,1963
101,57,19,1,12,42,13,5,34,13,0,3,39,7.12,17785,1961
0,0,0,0,7,0,0,0,25,0,0,2,0,7.11,844096,1961
130,74,15,0,9,55,18,6,43,17,0,4,23,7.11,358524,1955
0,0,0,0,5,0,0,0,7,0,0,0,0,7.11,82576,1963
128,68,11,3,14,60,18,1,28,18,0,5,29,7.11,871290,1958
0,0,0,0,4,0,0,0,28,0,0,4,0,7.11,255873,1955
0,0,0,0,0,0,0,0,9,0,0,0,0,7.11,1105970,1957
0,0,0,0,2,0,0,0,17,0,0,1,0,7.11,777341,1957
0,0,0,0,0,0,0,0,3,0,0,0,0,7.1,583824,1982
0,0,0,0,0,0,0,0,0,0,0,1,0,7.1,931574,1968
0,0,0,0,0,0,0,0,0,0,0,0,0,7.1,1111123,1999
0,0,0,0,4,0,0,0,6,0,0,3,0,7.09,44691,1974
0,0,0,0,7,0,0,0,42,0,0,8,0,7.08,1047740,1968
104,67,8,1,14,34,9,3,27,9,0,4,15,7.08,124980,1954
0,0,0,0,1,0,0,0,19,0,0,2,0,7.08,1106839,5926
0,0,0,0,3,0,0,0,13,0,0,1,0,7.08,1199282,1957
0,0,0,0,9,0,0,0,17,0,0,5,0,7.07,874729,1963
0,0,0,0,7,0,0,0,16,0,0,4,0,7.07,243113,1966
0,0,0,0,9,0,0,0,28,0,0,2,0,7.07,611876,5981
0,0,0,0,12,0,0,0,27,0,0,2,0,7.07,795261,1958
0,0,0,0,1,0,0,0,0,0,0,2,0,7.07,1129429,2020
97,52,12,0,14,45,7,4,22,6,1,7,32,7.07,243529,1963
0,0,0,0,0,0,0,0,30,0,0,1,0,7.07,558820,5926
0,0,0,0,9,0,0,0,31,0,0,3,0,7.07,1035996,1961
0,0,0,0,0,0,0,0,14,0,0,0,0,7.06,906837,1999
0,0,0,0,4,0,0,0,12,0,0,0,0,7.06,875402,1981
13,4,4,0,2,9,1,2,4,1,0,0,2,7.06,874979,1981
0,0,0,0,10,0,0,0,22,0,0,2,0,7.06,817650,1954
0,0,0,0,1,0,0,0,15,0,0,1,0,7.06,17787,1961
0,0,0,0,0,0,0,0,24,0,0,3,0,7.05,109610,1960
0,0,0,0,0,0,0,0,3,0,0,1,0,7.05,904505,1958
0,0,0,0,1,0,0,0,3,0,0,0,0,7.05,897617,1954
0,0,0,0,4,0,0,0,12,0,0,0,0,7.05,925189,1999
0,0,0,0,14,0,0,0,25,0,0,4,0,7.05,587148,1958
0,0,0,0,8,0,0,0,17,0,0,7,0,7.05,1108441,1981
128,65,22,0,9,61,2,5,42,2,1,7,30,7.04,595598,1974
113,66,18,2,9,47,9,3,40,8,0,4,41,7.04,552172,1960
0,0,0,0,0,0,0,0,4,0,0,1,0,7.04,243425,1974
133,62,15,0,8,71,4,7,41,4,0,5,26,7.04,27756,1957
0,0,0,0,5,0,0,0,40,0,0,2,0,7.03,243109,5926
0,0,0,0,1,0,0,0,22,0,0,1,0,7.03,787607,1961
0,0,0,0,0,0,0,0,2,0,0,0,0,7.03,874030,1977
0,0,0,0,1,0,0,0,20,0,0,3,0,7.03,116853,1961
0,0,0,0,0,0,0,0,17,0,0,1,0,7.03,34152,1957
0,0,0,0,3,0,0,0,1,0,0,0,0,7.03,841129,1977
124,69,16,0,8,54,7,6,40,6,1,6,22,7.02,795177,1968
44,28,10,3,0,16,4,1,19,4,0,3,9,7.02,839762,1973
0,0,0,0,3,0,0,0,9,0,0,3,0,7.02,841128,1963
0,0,0,0,7,0,0,0,17,0,0,5,0,7.02,12634,1981
0,0,0,0,7,0,0,0,27,0,0,5,0,7.02,330057,2020
0,0,0,0,11,0,0,0,26,0,0,4,0,7.02,840202,1958
0,0,0,0,1,0,0,0,5,0,0,2,0,7.02,139300,1954
0,0,0,0,1,0,0,0,14,0,0,1,0,7.02,21300,5981
0,0,0,0,9,0,0,0,14,0,0,4,0,7.02,1127439,1977
106,66,17,0,12,40,6,4,34,6,0,1,33,7.02,329055,49202
0,0,0,0,2,0,0,0,8,0,0,0,0,7.02,1017746,1967
0,0,0,0,6,0,0,0,18,0,0,8,0,7.02,874063,1967
0,0,0,0,1,0,0,0,15,0,0,1,0,7.02,1175760,49202
0,0,0,0,8,0,0,0,21,0,0,0,0,7.01,840150,1999
0,0,0,0,1,0,0,0,20,0,0,1,0,7.01,143846,1999
0,0,0,0,3,0,0,0,11,0,0,1,0,7.01,867907,1954
0,0,0,0,0,0,0,0,32,0,0,4,0,7.01,345847,1973
0,0,0,0,5,0,0,0,30,0,0,1,0,7.0,270287,49202
0,0,0,0,1,0,0,0,40,0,0,8,0,7.0,1047227,1968
0,0,0,0,0,0,0,0,0,0,0,0,0,7.0,1495892,1982
0,0,0,0,2,0,0,0,13,0,0,2,0,7.0,1117710,1955
0,0,0,0,0,0,0,0,1,0,0,0,0,7.0,1175765,1981
4,3,0,0,0,1,0,0,1,0,0,0,0,7.0,927666,1961
0,0,0,0,0,0,0,0,0,0,0,0,0,7.0,1585334,1954
0,0,0,0,0,0,0,0,17,0,0,4,0,7.0,1106140,1955
0,0,0,0,2,0,0,0,20,0,0,2,0,6.99,386198,5981
98,56,16,0,8,41,12,5,27,11,2,7,28,6.99,1016104,1967
0,0,0,0,0,0,0,0,21,0,0,0,0,6.99,943044,1960
0,0,0,0,3,0,0,0,13,0,0,8,0,6.99,13630,1967
0,0,0,0,3,0,0,0,10,0,0,1,0,6.99,551774,1967
0,0,0,0,1,0,0,0,34,0,0,4,0,6.99,244589,1968
0,0,0,0,12,0,0,0,17,0,0,6,0,6.99,1120721,1981
0,0,0,0,8,0,0,0,32,0,0,4,0,6.99,106402,1957
0,0,0,0,2,0,0,0,20,0,0,6,0,6.99,846413,1967
0,0,0,0,3,0,0,0,18,0,0,7,0,6.98,247483,1966
0,0,0,0,2,0,0,0,17,0,0,5,0,6.98,986233,1966
0,0,0,0,1,0,0,0,15,0,0,6,0,6.98,871273,1967
0,0,0,0,13,0,0,0,27,0,0,3,0,6.98,845110,1954
0,0,0,0,3,0,0,0,26,0,0,1,0,6.98,795014,1960
0,0,0,0,1,0,0,0,19,0,0,4,0,6.98,789960,1968
0,0,0,0,7,0,0,0,28,0,0,7,0,6.98,33106,1967
0,0,0,0,1,0,0,0,10,0,0,4,0,6.98,974556,1963
0,0,0,0,12,0,0,0,16,0,0,6,0,6.98,881110,1963
0,0,0,0,8,0,0,0,23,0,0,2,0,6.98,870788,1961
0,0,0,0,0,0,0,0,20,0,0,1,0,6.98,927975,1968
0,0,0,0,4,0,0,0,38,0,0,3,0,6.97,1139775,5926
0,0,0,0,5,0,0,0,22,0,0,9,0,6.97,124997,1966
0,0,0,0,1,0,0,0,11,0,0,3,0,6.97,1019652,1955
84,41,15,1,12,41,6,7,25,6,0,7,15,6.96,33132,1981
0,0,0,0,2,0,0,0,18,0,0,1,0,6.96,981703,1957
0,0,0,0,1,0,0,0,4,0,0,1,0,6.96,963990,1967
0,0,0,0,1,0,0,0,7,0,0,0,0,6.96,377238,1954
0,0,0,0,0,0,0,0,21,0,0,2,0,6.96,1150391,1967
0,0,0,0,1,0,0,0,7,0,0,0,0,6.96,1021721,1974
0,0,0,0,3,0,0,0,10,0,0,0,0,6.96,809194,49202
0,0,0,0,1,0,0,0,3,0,0,0,0,6.96,859083,2020
0,0,0,0,5,0,0,0,17,0,0,3,0,6.95,1017827,1960
0,0,0,0,1,0,0,0,0,0,0,0,0,6.95,988873,1961
0,0,0,0,0,0,0,0,14,0,0,4,0,6.95,1046796,2020
0,0,0,0,2,0,0,0,7,0,0,1,0,6.95,1093196,1977
0,0,0,0,2,0,0,0,8,0,0,0,0,6.95,984896,1967
0,0,0,0,4,0,0,0,35,0,0,3,0,6.95,868030,1955
0,0,0,0,8,0,0,0,21,0,0,7,0,6.94,850023,1966
0,0,0,0,2,0,0,0,4,0,0,0,0,6.94,26029,5981
0,0,0,0,9,0,0,0,21,0,0,7,0,6.94,220833,1963
0,0,0,0,6,0,0,0,28,0,0,1,0,6.94,866392,49202
0,0,0,0,7,0,0,0,30,0,0,4,0,6.94,905450,1960
0,0,0,0,3,0,0,0,17,0,0,2,0,6.94,46798,1968
0,0,0,0,2,0,0,0,15,0,0,4,0,6.93,374486,1967
0,0,0,0,0,0,0,0,12,0,0,0,0,6.93,811308,49202
0,0,0,0,0,0,0,0,25,0,0,3,0,6.93,824626,2020
0,0,0,0,0,0,0,0,8,0,0,0,0,6.93,107414,1981
0,0,0,0,5,0,0,0,23,0,0,3,0,6.93,33238,1961
0,0,0,0,5,0,0,0,13,0,0,5,0,6.93,990169,1966
0,0,0,0,9,0,0,0,13,0,0,3,0,6.93,552686,1977
0,0,0,0,7,0,0,0,25,0,0,3,0,6.93,807850,1961
0,0,0,0,2,0,0,0,10,0,0,0,0,6.93,905459,1999
0,0,0,0,5,0,0,0,19,0,0,6,0,6.93,995293,1981
0,0,0,0,8,0,0,0,28,0,0,5,0,6.92,870691,2020
0,0,0,0,11,0,0,0,17,0,0,3,0,6.92,604274,1954
0,0,0,0,2,0,0,0,34,0,0,8,0,6.92,848472,1982
0,0,0,0,1,0,0,0,26,0,0,1,0,6.92,386212,1955
0,0,0,0,4,0,0,0,19,0,0,1,0,6.92,931479,49202
0,0,0,0,1,0,0,0,13,0,0,0,0,6.91,146599,49202
0,0,0,0,2,0,0,0,17,0,0,4,0,6.91,551422,2020
0,0,0,0,0,0,0,0,16,0,0,3,0,6.91,799634,1958
0,0,0,0,7,0,0,0,20,0,0,1,0,6.91,844601,1954
0,0,0,0,0,0,0,0,14,0,0,5,0,6.9,1174937,1963
0,0,0,0,2,0,0,0,30,0,0,5,0,6.9,995072,1974
0,0,0,0,5,0,0,0,31,0,0,5,0,6.9,905463,1957
0,0,0,0,1,0,0,0,29,0,0,5,0,6.9,354510,1968
0,0,0,0,7,0,0,0,16,0,0,6,0,6.9,329069,1963
0,0,0,0,0,0,0,0,16,0,0,1,0,6.9,880169,1960
0,0,0,0,0,0,0,0,2,0,0,0,0,6.9,36684,1961
0,0,0,0,0,0,0,0,1,0,0,0,0,6.9,1116660,1966
3,2,0,0,0,1,1,0,1,1,0,0,1,6.9,840027,1958
0,0,0,0,0,0,0,0,1,0,0,0,0,6.9,1382913,1961
111,60,28,0,5,49,6,4,48,6,0,3,29,6.9,1111770,5926
0,0,0,0,1,0,0,0,18,0,0,5,0,6.9,282557,1981
0,0,0,0,0,0,0,0,11,0,0,1,0,6.9,913598,1977
0,0,0,0,2,0,0,0,16,0,0,2,0,6.89,959006,1957
0,0,0,0,2,0,0,0,13,0,0,1,0,6.89,796925,1960
0,0,0,0,0,0,0,0,33,0,0,3,0,6.89,1005177,1960
0,0,0,0,7,0,0,0,26,0,0,5,0,6.89,1008832,2020
0,0,0,0,0,0,0,0,7,0,0,1,0,6.89,14216,1974
0,0,0,0,5,0,0,0,7,0,0,2,0,6.89,973737,1977
0,0,0,0,10,0,0,0,25,0,0,2,0,6.88,818473,5981
0,0,0,0,3,0,0,0,13,0,0,1,0,6.88,981733,1967
0,0,0,0,7,0,0,0,15,0,0,3,0,6.88,840247,1954
0,0,0,0,1,0,0,0,12,0,0,2,0,6.88,345113,1966
0,0,0,0,3,0,0,0,11,0,0,6,0,6.88,929200,1967
0,0,0,0,0,0,0,0,3,0,0,0,0,6.88,330693,1954
0,0,0,0,0,0,0,0,5,0,0,1,0,6.88,1175259,1973
0,0,0,0,1,0,0,0,5,0,0,0,0,6.88,243735,5981
0,0,0,0,2,0,0,0,20,0,0,1,0,6.88,946945,5926
0,0,0,0,6,0,0,0,10,0,0,1,0,6.88,1018915,1958
41,17,11,1,1,22,6,2,19,6,0,1,14,6.88,914169,1973
0,0,0,0,12,0,0,0,33,0,0,1,0,6.88,221206,49202
0,0,0,0,4,0,0,0,33,0,0,3,0,6.88,872039,1955
0,0,0,0,0,0,0,0,5,0,0,0,0,6.88,178407,1958
0,0,0,0,3,0,0,0,16,0,0,3,0,6.88,358956,1977
112,68,19,1,6,43,13,8,48,13,1,12,40,6.88,147467,1982
0,0,0,0,0,0,0,0,5,0,0,1,0,6.88,551348,1977
0,0,0,0,1,0,0,0,16,0,0,4,0,6.87,865356,1981
53,29,11,0,5,24,7,5,19,6,0,4,17,6.87,581060,1966
0,0,0,0,0,0,0,0,27,0,0,4,0,6.87,155715,1973
0,0,0,0,4,0,0,0,14,0,0,5,0,6.87,291723,1981
0,0,0,0,7,0,0,0,23,0,0,3,0,6.87,795773,1961
0,0,0,0,1,0,0,0,25,0,0,1,0,6.87,922546,1955
0,0,0,0,0,0,0,0,9,0,0,1,0,6.87,1047656,1957
90,54,15,1,7,34,1,6,31,1,2,7,27,6.87,839761,2020
0,0,0,0,2,0,0,0,20,0,0,2,0,6.87,840219,5981
0,0,0,0,0,0,0,0,16,0,0,3,0,6.86,238708,1982
0,0,0,0,0,0,0,0,8,0,0,0,0,6.86,840218,1961
0,0,0,0,0,0,0,0,9,0,0,4,0,6.86,937552,1963
0,0,0,0,4,0,0,0,27,0,0,5,0,6.86,25554,1957
0,0,0,0,0,0,0,0,6,0,0,1,0,6.86,974698,2020
0,0,0,0,2,0,0,0,1,0,0,1,0,6.86,1002528,1981
0,0,0,0,1,0,0,0,22,0,0,3,0,6.86,268419,1974
0,0,0,0,0,0,0,0,13,0,0,2,0,6.86,243497,1973
0,0,0,0,7,0,0,0,10,0,0,0,0,6.86,1002565,1999
0,0,0,0,1,0,0,0,54,0,0,8,0,6.86,794312,1973
0,0,0,0,6,0,0,0,27,0,0,4,0,6.86,295167,1960
0,0,0,0,6,0,0,0,18,0,0,3,0,6.85,76507,1958
0,0,0,0,3,0,0,0,18,0,0,3,0,6.85,165677,2020
0,0,0,0,0,0,0,0,2,0,0,0,0,6.85,846411,1961
0,0,0,0,0,0,0,0,0,0,0,0,0,6.85,1047683,1958
0,0,0,0,0,0,0,0,0,0,0,0,0,6.85,1101437,1958
0,0,0,0,4,0,0,0,11,0,0,3,0,6.85,40076,1977
0,0,0,0,0,0,0,0,3,0,0,0,0,6.85,115183,1957
0,0,0,0,2,0,0,0,22,0,0,2,0,6.85,1067671,1961
0,0,0,0,0,0,0,0,5,0,0,0,0,6.85,1104068,2020
0,0,0,0,3,0,0,0,31,0,0,2,0,6.84,794838,1955
0,0,0,0,8,0,0,0,14,0,0,1,0,6.84,590262,5981
0,0,0,0,7,0,0,0,27,0,0,7,0,6.84,789395,2020
0,0,0,0,7,0,0,0,28,0,0,6,0,6.84,839765,1968
0,0,0,0,5,0,0,0,19,0,0,4,0,6.84,22975,1974
0,0,0,0,1,0,0,0,12,0,0,1,0,6.84,145063,5981
0,0,0,0,0,0,0,0,14,0,0,1,0,6.84,998499,5926
0,0,0,0,0,0,0,0,8,0,0,0,0,6.84,1107069,49202
0,0,0,0,1,0,0,0,8,0,0,0,0,6.84,840451,5981
0,0,0,0,8,0,0,0,38,0,0,2,0,6.84,871705,1955
0,0,0,0,0,0,0,0,19,0,0,1,0,6.84,121264,49202
0,0,0,0,2,0,0,0,5,0,0,0,0,6.84,1485371,1968
0,0,0,0,10,0,0,0,33,0,0,1,0,6.84,373740,49202
0,0,0,0,0,0,0,0,5,0,0,0,0,6.84,1094179,1963
0,0,0,0,0,0,0,0,11,0,0,0,0,6.83,1105796,5926
0,0,0,0,4,0,0,0,13,0,0,5,0,6.83,1087079,1967
0,0,0,0,6,0,0,0,19,0,0,1,0,6.83,1102383,49202
0,0,0,0,4,0,0,0,23,0,0,5,0,6.83,840398,1958
0,0,0,0,0,0,0,0,4,0,0,2,0,6.82,1403439,1974
0,0,0,0,1,0,0,0,7,0,0,2,0,6.82,977679,1958
0,0,0,0,8,0,0,0,13,0,0,1,0,6.82,977676,1999
0,0,0,0,1,0,0,0,4,0,0,0,0,6.82,1167068,1963
0,0,0,0,3,0,0,0,4,0,0,1,0,6.82,931540,5981
0,0,0,0,0,0,0,0,12,0,0,2,0,6.82,1485309,1957
0,0,0,0,1,0,0,0,12,0,0,4,0,6.82,123225,2020
0,0,0,0,3,0,0,0,36,0,0,9,0,6.82,850987,1982
0,0,0,0,1,0,0,0,16,0,0,3,0,6.81,243439,1967
0,0,0,0,0,0,0,0,26,0,0,4,0,6.81,359024,2020
0,0,0,0,3,0,0,0,34,0,0,11,0,6.81,590324,1982
0,0,0,0,7,0,0,0,12,0,0,1,0,6.81,158257,1977
0,0,0,0,3,0,0,0,21,0,0,5,0,6.81,931591,1981
0,0,0,0,0,0,0,0,2,0,0,0,0,6.81,32164,1981
0,0,0,0,2,0,0,0,8,0,0,3,0,6.81,810715,1955
0,0,0,0,1,0,0,0,8,0,0,3,0,6.81,835260,1963
0,0,0,0,1,0,0,0,14,0,0,1,0,6.81,1018547,1999
0,0,0,0,3,0,0,0,16,0,0,2,0,6.81,922559,1958
0,0,0,0,2,0,0,0,21,0,0,4,0,6.81,363688,2020
0,0,0,0,2,0,0,0,10,0,0,1,0,6.81,158561,1954
0,0,0,0,1,0,0,0,16,0,0,2,0,6.8,1170954,5981
0,0,0,0,9,0,0,0,19,0,0,3,0,6.8,328519,1977
0,0,0,0,7,0,0,0,34,0,0,4,0,6.8,360940,1974
0,0,0,0,0,0,0,0,10,0,0,0,0,6.8,1105305,1973
0,0,0,0,0,0,0,0,8,0,0,0,0,6.8,1587711,5926
0,0,0,0,0,0,0,0,6,0,0,1,0,6.8,1017264,1955
0,0,0,0,0,0,0,0,4,0,0,0,0,6.8,830742,1974
0,0,0,0,0,0,0,0,1,0,0,1,0,6.8,215956,1958
0,0,0,0,1,0,0,0,2,0,0,0,0,6.8,39623,1958
0,0,0,0,1,0,0,0,4,0,0,2,0,6.8,72080,1966
0,0,0,0,1,0,0,0,2,0,0,0,0,6.8,1410337,1999
0,0,0,0,0,0,0,0,0,0,0,0,0,6.8,1159656,1968
1,1,1,0,0,0,0,0,0,0,0,0,0,6.8,973738,1957
0,0,0,0,0,0,0,0,0,0,0,0,0,6.8,870697,1974
0,0,0,0,0,0,0,0,1,0,0,1,0,6.8,42109,1960
0,0,0,0,0,0,0,0,0,0,0,0,0,6.8,870920,49202
0,0,0,0,0,0,0,0,0,0,0,0,0,6.8,1199453,1999
0,0,0,0,0,0,0,0,1,0,0,0,0,6.8,1177384,1955
0,0,0,0,7,0,0,0,26,0,0,4,0,6.8,546338,1958
0,0,0,0,4,0,0,0,16,0,0,2,0,6.8,928134,1961
0,0,0,0,5,0,0,0,15,0,0,1,0,6.79,982405,1999
0,0,0,0,1,0,0,0,3,0,0,0,0,6.79,1175553,1999
0,0,0,0,0,0,0,0,15,0,0,3,0,6.79,1197041,1957
0,0,0,0,3,0,0,0,18,0,0,3,0,6.79,879902,1974
0,0,0,0,9,0,0,0,42,0,0,6,0,6.79,982174,1974
0,0,0,0,0,0,0,0,15,0,0,6,0,6.79,822513,1982
0,0,0,0,3,0,0,0,30,0,0,4,0,6.79,831778,1957
0,0,0,0,7,0,0,0,34,0,0,1,0,6.79,928137,1960
0,0,0,0,0,0,0,0,4,0,0,0,0,6.79,962027,1981
0,0,0,0,0,0,0,0,1,0,0,2,0,6.79,849301,1974
0,0,0,0,0,0,0,0,7,0,0,1,0,6.79,1185832,1973
0,0,0,0,2,0,0,0,10,0,0,2,0,6.78,1167069,1963
0,0,0,0,0,0,0,0,14,0,0,2,0,6.78,965764,1974
0,0,0,0,0,0,0,0,7,0,0,1,0,6.78,922566,1968
0,0,0,0,4,0,0,0,32,0,0,12,0,6.78,995071,1982
0,0,0,0,0,0,0,0,18,0,0,3,0,6.78,985766,1954
0,0,0,0,5,0,0,0,35,0,0,1,0,6.78,551810,5926
0,0,0,0,3,0,0,0,12,0,0,1,0,6.78,844602,1967
0,0,0,0,2,0,0,0,2,0,0,1,0,6.78,753662,1977
0,0,0,0,1,0,0,0,29,0,0,6,0,6.78,877591,1974
0,0,0,0,2,0,0,0,17,0,0,0,0,6.77,1087399,1961
0,0,0,0,0,0,0,0,20,0,0,5,0,6.77,981746,1982
0,0,0,0,0,0,0,0,7,0,0,1,0,6.77,21212,1958
0,0,0,0,0,0,0,0,14,0,0,5,0,6.77,905461,1981
0,0,0,0,2,0,0,0,19,0,0,4,0,6.77,924857,1981
0,0,0,0,1,0,0,0,16,0,0,2,0,6.77,795291,5981
0,0,0,0,8,0,0,0,26,0,0,5,0,6.77,243435,2020
0,0,0,0,7,0,0,0,44,0,0,4,0,6.77,870851,1960
0,0,0,0,2,0,0,0,8,0,0,0,0,6.77,1105595,1999
0,0,0,0,0,0,0,0,1,0,0,1,0,6.77,1110033,1961
0,0,0,0,0,0,0,0,2,0,0,0,0,6.77,37006,1977
0,0,0,0,6,0,0,0,32,0,0,3,0,6.77,249647,5926
0,0,0,0,1,0,0,0,5,0,0,1,0,6.77,1009920,1981
0,0,0,0,0,0,0,0,2,0,0,0,0,6.77,1170769,1957
0,0,0,0,0,0,0,0,12,0,0,2,0,6.77,330063,1958
0,0,0,0,0,0,0,0,9,0,0,5,0,6.76,1092354,1967
0,0,0,0,7,0,0,0,12,0,0,3,0,6.76,794849,1954
0,0,0,0,0,0,0,0,6,0,0,1,0,6.76,828839,5981
0,0,0,0,2,0,0,0,56,0,0,9,0,6.76,330691,1973
0,0,0,0,0,0,0,0,9,0,0,2,0,6.76,4811,1961
0,0,0,0,0,0,0,0,8,0,0,2,0,6.76,787551,1968
0,0,0,0,0,0,0,0,24,0,0,3,0,6.76,923951,1973
0,0,0,0,4,0,0,0,13,0,0,3,0,6.76,1018093,1974
0,0,0,0,1,0,0,0,32,0,0,6,0,6.76,870933,1973
0,0,0,0,0,0,0,0,14,0,0,2,0,6.76,866911,1974
0,0,0,0,1,0,0,0,25,0,0,2,0,6.76,158267,5926
0,0,0,0,1,0,0,0,7,0,0,1,0,6.76,378590,1961
0,0,0,0,2,0,0,0,20,0,0,0,0,6.76,312072,1960
0,0,0,0,0,0,0,0,1,0,0,2,0,6.76,1067641,1982
0,0,0,0,6,0,0,0,16,0,0,4,0,6.75,143593,1958
0,0,0,0,1,0,0,0,29,0,0,5,0,6.75,599700,1973
0,0,0,0,2,0,0,0,22,0,0,4,0,6.75,35519,1957
0,0,0,0,0,0,0,0,13,0,0,0,0,6.75,352838,1955
0,0,0,0,2,0,0,0,10,0,0,3,0,6.75,989384,1966
0,0,0,0,0,0,0,0,3,0,0,0,0,6.75,1464966,1974
0,0,0,0,0,0,0,0,7,0,0,1,0,6.75,1105836,1974
0,0,0,0,1,0,0,0,9,0,0,1,0,6.75,1067640,1963
0,0,0,0,1,0,0,0,4,0,0,1,0,6.75,1100817,1967
0,0,0,0,1,0,0,0,11,0,0,1,0,6.75,1170680,1999
0,0,0,0,0,0,0,0,5,0,0,1,0,6.75,1464248,1963
0,0,0,0,6,0,0,0,31,0,0,11,0,6.75,1046805,1982
0,0,0,0,2,0,0,0,15,0,0,4,0,6.75,106456,1966
0,0,0,0,0,0,0,0,2,0,0,0,0,6.75,1463912,5926
0,0,0,0,1,0,0,0,18,0,0,3,0,6.74,90862,1957
0,0,0,0,0,0,0,0,14,0,0,1,0,6.74,798127,2020
0,0,0,0,3,0,0,0,17,0,0,2,0,6.74,887155,1966
0,0,0,0,1,0,0,0,10,0,0,0,0,6.74,221636,1977
0,0,0,0,0,0,0,0,2,0,0,2,0,6.74,922575,1966
0,0,0,0,0,0,0,0,16,0,0,0,0,6.74,1007431,1960
0,0,0,0,0,0,0,0,16,0,0,3,0,6.74,844605,2020
0,0,0,0,0,0,0,0,4,0,0,0,0,6.74,994190,49202
0,0,0,0,0,0,0,0,15,0,0,0,0,6.73,124807,1960
0,0,0,0,0,0,0,0,8,0,0,3,0,6.73,358540,1982
0,0,0,0,0,0,0,0,8,0,0,0,0,6.73,931556,1968
0,0,0,0,0,0,0,0,0,0,0,0,0,6.73,1000298,1999
0,0,0,0,2,0,0,0,33,0,0,11,0,6.73,972373,1982
0,0,0,0,0,0,0,0,16,0,0,2,0,6.73,39649,1974
0,0,0,0,1,0,0,0,8,0,0,1,0,6.73,149710,1981
0,0,0,0,0,0,0,0,5,0,0,2,0,6.73,795178,2020
0,0,0,0,8,0,0,0,29,0,0,3,0,6.73,1134200,5981
0,0,0,0,2,0,0,0,12,0,0,0,0,6.73,1015287,1999
0,0,0,0,0,0,0,0,3,0,0,0,0,6.73,1463902,1999
0,0,0,0,0,0,0,0,15,0,0,1,0,6.73,1105833,1974
0,0,0,0,7,0,0,0,17,0,0,4,0,6.73,988852,1974
0,0,0,0,12,0,0,0,27,0,0,1,0,6.73,953736,49202
0,0,0,0,4,0,0,0,15,0,0,4,0,6.73,859970,1977
0,0,0,0,0,0,0,0,10,0,0,0,0,6.73,1124246,1999
0,0,0,0,0,0,0,0,8,0,0,3,0,6.73,945307,1960
0,0,0,0,6,0,0,0,15,0,0,2,0,6.73,243107,1961
0,0,0,0,0,0,0,0,12,0,0,2,0,6.73,358166,1967
0,0,0,0,1,0,0,0,10,0,0,3,0,6.73,18304,1966
0,0,0,0,0,0,0,0,2,0,0,0,0,6.73,948004,1999
0,0,0,0,0,0,0,0,4,0,0,3,0,6.73,588996,1958
0,0,0,0,2,0,0,0,11,0,0,2,0,6.73,242052,1966
0,0,0,0,0,0,0,0,19,0,0,0,0,6.72,1016930,1960
0,0,0,0,6,0,0,0,23,0,0,2,0,6.72,959620,1955
0,0,0,0,2,0,0,0,13,0,0,4,0,6.72,823653,1954
0,0,0,0,0,0,0,0,4,0,0,1,0,6.72,332171,1955
0,0,0,0,0,0,0,0,4,0,0,0,0,6.72,1121489,1968
0,0,0,0,0,0,0,0,9,0,0,1,0,6.72,358538,5926
0,0,0,0,0,0,0,0,16,0,0,0,0,6.71,40677,5926
0,0,0,0,0,0,0,0,9,0,0,7,0,6.71,1018176,1982
0,0,0,0,3,0,0,0,3,0,0,2,0,6.71,822729,1977
0,0,0,0,0,0,0,0,1,0,0,1,0,6.71,1098305,1968
0,0,0,0,1,0,0,0,19,0,0,2,0,6.71,552164,1955
0,0,0,0,1,0,0,0,8,0,0,3,0,6.71,931538,1960
0,0,0,0,1,0,0,0,21,0,0,6,0,6.71,252781,1982
0,0,0,0,0,0,0,0,3,0,0,0,0,6.71,1086455,1968
0,0,0,0,8,0,0,0,17,0,0,6,0,6.71,128376,1966
0,0,0,0,2,0,0,0,39,0,0,5,0,6.71,121221,1973
0,0,0,0,0,0,0,0,11,0,0,2,0,6.71,1101714,5926
0,0,0,0,0,0,0,0,3,0,0,0,0,6.71,174937,2020
0,0,0,0,3,0,0,0,16,0,0,2,0,6.71,1015292,1963
0,0,0,0,5,0,0,0,23,0,0,1,0,6.71,261687,1955
0,0,0,0,1,0,0,0,19,0,0,2,0,6.7,805038,5926
0,0,0,0,0,0,0,0,4,0,0,0,0,6.7,988622,1958
0,0,0,0,4,0,0,0,13,0,0,0,0,6.7,584432,1999
0,0,0,0,6,0,0,0,13,0,0,1,0,6.7,315916,1977
0,0,0,0,1,0,0,0,7,0,0,1,0,6.7,1009928,1981
0,0,0,0,0,0,0,0,3,0,0,1,0,6.7,928527,1954
0,0,0,0,0,0,0,0,2,0,0,0,0,6.7,329219,1954
0,0,0,0,0,0,0,0,1,0,0,0,0,6.7,1500254,1954
0,0,0,0,1,0,0,0,9,0,0,1,0,6.7,46942,1961
0,0,0,0,0,0,0,0,1,0,0,0,0,6.7,959005,1954
0,0,0,0,0,0,0,0,4,0,0,1,0,6.7,1391962,1974
0,0,0,0,0,0,0,0,15,0,0,5,0,6.7,804703,1982
0,0,0,0,0,0,0,0,2,0,0,0,0,6.7,1018671,1960
0,0,0,0,1,0,0,0,18,0,0,1,0,6.7,331853,1961
0,0,0,0,0,0,0,0,0,0,0,0,0,6.7,1172052,1954
0,0,0,0,0,0,0,0,1,0,0,0,0,6.7,1016865,1961
28,20,7,0,1,8,1,2,10,1,1,5,6,6.7,840082,1966
0,0,0,0,1,0,0,0,23,0,0,1,0,6.7,964127,1999
0,0,0,0,0,0,0,0,8,0,0,0,0,6.7,979861,49202
0,0,0,0,4,0,0,0,30,0,0,8,0,6.7,37288,1982
0,0,0,0,1,0,0,0,11,0,0,3,0,6.7,930690,1957
0,0,0,0,0,0,0,0,15,0,0,1,0,6.69,790103,49202
0,0,0,0,0,0,0,0,6,0,0,1,0,6.69,1008700,1958
0,0,0,0,0,0,0,0,4,0,0,0,0,6.69,39656,1977
0,0,0,0,0,0,0,0,6,0,0,0,0,6.69,1106151,1955
0,0,0,0,0,0,0,0,1,0,0,0,0,6.69,1047201,1966
0,0,0,0,0,0,0,0,5,0,0,0,0,6.69,1116593,5981
0,0,0,0,0,0,0,0,3,0,0,0,0,6.69,981604,1966
0,0,0,0,1,0,0,0,9,0,0,1,0,6.69,1086990,1955
0,0,0,0,0,0,0,0,16,0,0,3,0,6.69,219190,1966
0,0,0,0,0,0,0,0,4,0,0,0,0,6.69,586662,1967
0,0,0,0,5,0,0,0,26,0,0,3,0,6.69,605528,5926
0,0,0,0,0,0,0,0,7,0,0,1,0,6.69,13338,5926
0,0,0,0,0,0,0,0,0,0,0,1,0,6.68,1002360,1981
0,0,0,0,1,0,0,0,14,0,0,1,0,6.68,923186,1974
0,0,0,0,1,0,0,0,15,0,0,0,0,6.68,950545,1999
0,0,0,0,1,0,0,0,5,0,0,1,0,6.68,840291,1981
0,0,0,0,0,0,0,0,5,0,0,3,0,6.68,1175493,1973
0,0,0,0,0,0,0,0,17,0,0,3,0,6.68,39438,1966
0,0,0,0,0,0,0,0,5,0,0,0,0,6.68,351432,1961
0,0,0,0,0,0,0,0,28,0,0,4,0,6.68,869564,1973
0,0,0,0,0,0,0,0,1,0,0,1,0,6.68,1464519,1961
0,0,0,0,0,0,0,0,15,0,0,0,0,6.68,254561,49202
0,0,0,0,0,0,0,0,4,0,0,0,0,6.68,355802,1957
0,0,0,0,0,0,0,0,1,0,0,0,0,6.68,386210,5926
0,0,0,0,0,0,0,0,8,0,0,0,0,6.68,1002617,1957
0,0,0,0,1,0,0,0,8,0,0,1,0,6.68,1160554,5926
0,0,0,0,1,0,0,0,31,0,0,6,0,6.68,166471,1973
0,0,0,0,0,0,0,0,9,0,0,1,0,6.68,840500,2020
0,0,0,0,0,0,0,0,7,0,0,1,0,6.68,1105790,1974
0,0,0,0,0,0,0,0,5,0,0,0,0,6.68,39402,1973
0,0,0,0,4,0,0,0,24,0,0,4,0,6.68,358550,5981
0,0,0,0,5,0,0,0,19,0,0,1,0,6.67,987589,1999
0,0,0,0,2,0,0,0,10,0,0,1,0,6.67,1046440,1957
0,0,0,0,0,0,0,0,6,0,0,5,0,6.67,1050353,1982
0,0,0,0,0,0,0,0,12,0,0,1,0,6.67,1199285,1957
0,0,0,0,1,0,0,0,4,0,0,1,0,6.67,590150,1981
0,0,0,0,0,0,0,0,8,0,0,2,0,6.67,801339,1982
0,0,0,0,0,0,0,0,5,0,0,2,0,6.67,146308,1967
0,0,0,0,0,0,0,0,10,0,0,0,0,6.67,989407,1955
0,0,0,0,0,0,0,0,28,0,0,1,0,6.67,871162,5926
0,0,0,0,1,0,0,0,3,0,0,1,0,6.67,870578,2020
0,0,0,0,0,0,0,0,2,0,0,0,0,6.67,1035765,1957
16,6,1,0,2,10,1,1,8,1,0,0,7,6.67,166491,5981
0,0,0,0,4,0,0,0,17,0,0,3,0,6.67,311394,1966
0,0,0,0,4,0,0,0,18,0,0,2,0,6.67,1047680,1968
0,0,0,0,0,0,0,0,13,0,0,3,0,6.66,841336,1973
0,0,0,0,1,0,0,0,10,0,0,0,0,6.66,931521,49202
0,0,0,0,0,0,0,0,4,0,0,1,0,6.66,110781,1982
0,0,0,0,0,0,0,0,2,0,0,1,0,6.66,1002415,1955
0,0,0,0,7,0,0,0,34,0,0,2,0,6.66,871209,1960
0,0,0,0,0,0,0,0,6,0,0,0,0,6.66,158411,1973
0,0,0,0,2,0,0,0,8,0,0,0,0,6.66,1136896,1968
0,0,0,0,0,0,0,0,3,0,0,1,0,6.65,837871,1958
0,0,0,0,1,0,0,0,7,0,0,3,0,6.65,846280,1957
0,0,0,0,0,0,0,0,3,0,0,0,0,6.65,795020,49202
0,0,0,0,1,0,0,0,3,0,0,0,0,6.65,83506,1966
0,0,0,0,1,0,0,0,3,0,0,1,0,6.65,879591,1981
0,0,0,0,0,0,0,0,0,0,0,0,0,6.65,1180918,1974
0,0,0,0,0,0,0,0,1,0,0,0,0,6.65,1097858,1999
0,0,0,0,0,0,0,0,7,0,0,2,0,6.65,249251,1982
0,0,0,0,0,0,0,0,7,0,0,4,0,6.65,822510,1982
0,0,0,0,0,0,0,0,6,0,0,1,0,6.65,1117513,1963
0,0,0,0,2,0,0,0,22,0,0,2,0,6.65,358554,5981
0,0,0,0,0,0,0,0,11,0,0,0,0,6.65,33119,1960
0,0,0,0,2,0,0,0,14,0,0,1,0,6.64,1185617,1961
0,0,0,0,0,0,0,0,15,0,0,1,0,6.64,973293,1967
0,0,0,0,1,0,0,0,16,0,0,4,0,6.64,1389980,1968
0,0,0,0,0,0,0,0,1,0,0,0,0,6.64,845433,1963
0,0,0,0,0,0,0,0,1,0,0,0,0,6.64,329201,1968
0,0,0,0,0,0,0,0,25,0,0,5,0,6.64,925142,1982
0,0,0,0,5,0,0,0,22,0,0,7,0,6.64,876625,1966
0,0,0,0,1,0,0,0,7,0,0,1,0,6.64,220094,1966
0,0,0,0,0,0,0,0,4,0,0,1,0,6.64,1047204,1955
0,0,0,0,0,0,0,0,8,0,0,3,0,6.64,592568,1960
0,0,0,0,3,0,0,0,10,0,0,1,0,6.64,1116955,1981
0,0,0,0,0,0,0,0,8,0,0,2,0,6.64,76444,1968
0,0,0,0,0,0,0,0,3,0,0,0,0,6.63,985427,1963
0,0,0,0,0,0,0,0,6,0,0,0,0,6.63,1494695,5926
0,0,0,0,0,0,0,0,0,0,0,0,0,6.63,1170773,1957
0,0,0,0,0,0,0,0,0,0,0,0,0,6.63,870760,1999
0,0,0,0,0,0,0,0,3,0,0,0,0,6.63,912781,1973
0,0,0,0,0,0,0,0,0,0,0,0,0,6.63,1471221,1977
0,0,0,0,0,0,0,0,1,0,0,1,0,6.63,978638,1954
0,0,0,0,2,0,0,0,8,0,0,5,0,6.63,1109577,1982
0,0,0,0,2,0,0,0,19,0,0,3,0,6.63,997023,1966
0,0,0,0,0,0,0,0,5,0,0,1,0,6.63,822783,1974
0,0,0,0,0,0,0,0,8,0,0,2,0,6.63,842076,1982
0,0,0,0,1,0,0,0,5,0,0,0,0,6.63,1047422,1955
0,0,0,0,0,0,0,0,8,0,0,3,0,6.63,822524,1954
0,0,0,0,0,0,0,0,5,0,0,1,0,6.63,922601,1954
0,0,0,0,2,0,0,0,14,0,0,2,0,6.63,841808,2020
0,0,0,0,5,0,0,0,15,0,0,1,0,6.63,923000,1957
0,0,0,0,0,0,0,0,11,0,0,3,0,6.63,84847,1982
0,0,0,0,0,0,0,0,5,0,0,0,0,6.63,1133743,1967
0,0,0,0,0,0,0,0,10,0,0,1,0,6.63,896248,1973
0,0,0,0,2,0,0,0,11,0,0,0,0,6.63,243271,1955
0,0,0,0,0,0,0,0,4,0,0,2,0,6.63,77375,1973
0,0,0,0,0,0,0,0,3,0,0,0,0,6.62,1018871,1960
0,0,0,0,0,0,0,0,9,0,0,1,0,6.62,1211632,1957
0,0,0,0,4,0,0,0,28,0,0,5,0,6.62,870804,1968
0,0,0,0,0,0,0,0,3,0,0,0,0,6.62,1462989,1958
0,0,0,0,0,0,0,0,11,0,0,1,0,6.62,1194689,1973
0,0,0,0,0,0,0,0,2,0,0,2,0,6.62,994017,1973
0,0,0,0,0,0,0,0,11,0,0,0,0,6.62,1086339,5926
0,0,0,0,0,0,0,0,6,0,0,1,0,6.62,1105779,1974
0,0,0,0,0,0,0,0,18,0,0,0,0,6.62,794874,1973
0,0,0,0,0,0,0,0,19,0,0,2,0,6.61,1173457,1961
0,0,0,0,0,0,0,0,7,0,0,1,0,6.61,822523,1973
0,0,0,0,0,0,0,0,3,0,0,0,0,6.61,1112484,1954
0,0,0,0,0,0,0,0,6,0,0,0,0,6.61,1009556,49202
0,0,0,0,0,0,0,0,10,0,0,0,0,6.61,1130178,49202
0,0,0,0,0,0,0,0,7,0,0,1,0,6.61,942426,1981
0,0,0,0,0,0,0,0,4,0,0,1,0,6.6,868864,1982
0,0,0,0,0,0,0,0,12,0,0,2,0,6.6,981019,1968
0,0,0,0,0,0,0,0,1,0,0,0,0,6.6,329027,1967
0,0,0,0,0,0,0,0,0,0,0,0,0,6.6,931508,1960
0,0,0,0,0,0,0,0,3,0,0,1,0,6.6,1106509,1967
0,0,0,0,0,0,0,0,8,0,0,0,0,6.6,1117180,5926
0,0,0,0,0,0,0,0,11,0,0,0,0,6.6,987168,49202
0,0,0,0,0,0,0,0,1,0,0,0,0,6.6,1066717,1963
0,0,0,0,0,0,0,0,3,0,0,0,0,6.6,1390545,1974
0,0,0,0,0,0,0,0,0,0,0,0,0,6.6,981635,1967
0,0,0,0,0,0,0,0,0,0,0,0,0,6.6,1066714,1968
0,0,0,0,0,0,0,0,2,0,0,0,0,6.6,831085,1968
0,0,0,0,0,0,0,0,1,0,0,0,0,6.6,1411222,1963
0,0,0,0,0,0,0,0,1,0,0,0,0,6.6,881153,1954
1,1,1,0,0,0,0,0,1,0,0,0,0,6.6,914481,5926
0,0,0,0,0,0,0,0,0,0,0,0,0,6.6,1170722,1968
0,0,0,0,0,0,0,0,0,0,0,0,0,6.6,1174196,1955
0,0,0,0,0,0,0,0,0,0,0,0,0,6.6,1471239,1977
0,0,0,0,0,0,0,0,0,0,0,0,0,6.6,1488136,1977
0,0,0,0,0,0,0,0,1,0,0,0,0,6.6,1584796,5926
0,0,0,0,0,0,0,0,0,0,0,0,0,6.6,1412633,49202
0,0,0,0,0,0,0,0,1,0,0,0,0,6.6,1106530,1973
0,0,0,0,0,0,0,0,0,0,0,0,0,6.6,1133282,5981
0,0,0,0,0,0,0,0,1,0,0,0,0,6.6,146415,5926
0,0,0,0,0,0,0,0,3,0,0,3,0,6.6,973847,1968
0,0,0,0,0,0,0,0,6,0,0,0,0,6.6,84845,1961
0,0,0,0,0,0,0,0,16,0,0,5,0,6.6,1396009,1982
0,0,0,0,0,0,0,0,10,0,0,1,0,6.6,875294,1981
0,0,0,0,0,0,0,0,5,0,0,2,0,6.59,1199435,1966
0,0,0,0,1,0,0,0,19,0,0,2,0,6.59,1174770,1973
0,0,0,0,0,0,0,0,7,0,0,0,0,6.59,840077,49202
0,0,0,0,1,0,0,0,16,0,0,2,0,6.59,243239,1982
0,0,0,0,0,0,0,0,4,0,0,0,0,6.59,1020610,1966
0,0,0,0,0,0,0,0,9,0,0,0,0,6.59,123208,5926
0,0,0,0,0,0,0,0,8,0,0,0,0,6.59,18342,1967
0,0,0,0,0,0,0,0,5,0,0,1,0,6.59,1106667,1957
0,0,0,0,0,0,0,0,11,0,0,4,0,6.59,940611,1974
0,0,0,0,0,0,0,0,7,0,0,0,0,6.59,922570,1960
0,0,0,0,1,0,0,0,9,0,0,0,0,6.59,168745,5926
0,0,0,0,0,0,0,0,5,0,0,2,0,6.58,922556,2020
0,0,0,0,0,0,0,0,7,0,0,0,0,6.58,1463904,1999
0,0,0,0,0,0,0,0,5,0,0,0,0,6.58,863283,1957
0,0,0,0,0,0,0,0,5,0,0,0,0,6.58,1046496,1954
0,0,0,0,0,0,0,0,1,0,0,0,0,6.58,1067634,1954
0,0,0,0,0,0,0,0,3,0,0,1,0,6.58,1036002,1961
0,0,0,0,0,0,0,0,4,0,0,3,0,6.58,60472,1968
0,0,0,0,0,0,0,0,3,0,0,2,0,6.58,190151,1960
0,0,0,0,0,0,0,0,3,0,0,0,0,6.58,1584795,5926
0,0,0,0,0,0,0,0,9,0,0,2,0,6.58,807767,1982
0,0,0,0,0,0,0,0,13,0,0,1,0,6.57,871015,1960
0,0,0,0,0,0,0,0,4,0,0,0,0,6.57,1444694,1974
0,0,0,0,1,0,0,0,9,0,0,0,0,6.57,368846,1973
0,0,0,0,1,0,0,0,4,0,0,1,0,6.57,1016912,1968
0,0,0,0,1,0,0,0,48,0,0,6,0,6.57,599686,1973
0,0,0,0,1,0,0,0,7,0,0,0,0,6.57,594428,1977
0,0,0,0,0,0,0,0,4,0,0,0,0,6.57,989715,1960
0,0,0,0,0,0,0,0,1,0,0,0,0,6.57,973841,2020
0,0,0,0,0,0,0,0,6,0,0,0,0,6.56,1176212,5926
0,0,0,0,0,0,0,0,7,0,0,2,0,6.56,385386,1966
0,0,0,0,0,0,0,0,0,0,0,0,0,6.56,1014798,1967
0,0,0,0,0,0,0,0,24,0,0,3,0,6.56,840118,1973
0,0,0,0,0,0,0,0,7,0,0,0,0,6.55,559034,1954
0,0,0,0,4,0,0,0,29,0,0,6,0,6.55,877599,1968
0,0,0,0,0,0,0,0,8,0,0,0,0,6.55,29106,1973
0,0,0,0,0,0,0,0,5,0,0,1,0,6.55,243251,1982
0,0,0,0,0,0,0,0,0,0,0,0,0,6.55,893524,1960
0,0,0,0,0,0,0,0,1,0,0,0,0,6.55,1176796,1982
0,0,0,0,0,0,0,0,0,0,0,0,0,6.55,1465710,49202
0,0,0,0,0,0,0,0,1,0,0,1,0,6.55,166273,5981
0,0,0,0,0,0,0,0,7,0,0,1,0,6.55,1016887,1968
0,0,0,0,0,0,0,0,7,0,0,0,0,6.55,1106681,1957
0,0,0,0,0,0,0,0,7,0,0,1,0,6.54,1120958,1982
0,0,0,0,0,0,0,0,2,0,0,1,0,6.54,1112879,1963
0,0,0,0,0,0,0,0,8,0,0,1,0,6.54,1110173,1967
0,0,0,0,0,0,0,0,3,0,0,0,0,6.54,1089111,1981
0,0,0,0,0,0,0,0,0,0,0,0,0,6.53,814723,1973
0,0,0,0,1,0,0,0,11,0,0,1,0,6.53,1002458,1955
0,0,0,0,0,0,0,0,5,0,0,1,0,6.53,1502619,1961
0,0,0,0,0,0,0,0,1,0,0,1,0,6.53,1105815,1958
0,0,0,0,0,0,0,0,1,0,0,0,0,6.53,39421,1977
0,0,0,0,2,0,0,0,19,0,0,0,0,6.53,924073,1955
0,0,0,0,0,0,0,0,9,0,0,3,0,6.53,926868,1974
0,0,0,0,0,0,0,0,6,0,0,2,0,6.53,1116956,1966
47,27,10,1,1,20,6,4,27,5,2,4,23,6.53,243097,1973
0,0,0,0,0,0,0,0,2,0,0,0,0,6.53,1009030,1954
0,0,0,0,0,0,0,0,0,0,0,0,0,6.53,1046740,1954
0,0,0,0,0,0,0,0,1,0,0,1,0,6.53,1128846,5981
0,0,0,0,0,0,0,0,40,0,0,4,0,6.52,842072,1973
0,0,0,0,0,0,0,0,6,0,0,2,0,6.52,1105780,1955
0,0,0,0,0,0,0,0,24,0,0,0,0,6.51,1469514,1973
0,0,0,0,0,0,0,0,3,0,0,0,0,6.51,794861,1963
0,0,0,0,0,0,0,0,4,0,0,1,0,6.51,1148468,1968
0,0,0,0,0,0,0,0,2,0,0,0,0,6.51,923948,1999
0,0,0,0,2,0,0,0,29,0,0,6,0,6.5,934801,1968
0,0,0,0,0,0,0,0,8,0,0,0,0,6.5,924858,1973
0,0,0,0,0,0,0,0,0,0,0,0,0,6.5,1199473,1977
0,0,0,0,0,0,0,0,0,0,0,0,0,6.5,156025,1958
0,0,0,0,0,0,0,0,0,0,0,0,0,6.5,1099163,1958
0,0,0,0,0,0,0,0,0,0,0,0,0,6.5,973924,5926
0,0,0,0,0,0,0,0,0,0,0,0,0,6.5,1495875,5926
0,0,0,0,0,0,0,0,2,0,0,0,0,6.5,1466551,1981
0,0,0,0,0,0,0,0,0,0,0,0,0,6.5,1175603,5926
0,0,0,0,0,0,0,0,1,0,0,0,0,6.5,1217904,1960
0,0,0,0,0,0,0,0,0,0,0,0,0,6.5,1106773,1960
0,0,0,0,0,0,0,0,4,0,0,0,0,6.49,973845,1960
0,0,0,0,0,0,0,0,31,0,0,4,0,6.48,108481,1968
0,0,0,0,0,0,0,0,19,0,0,2,0,6.48,840148,1973
0,0,0,0,0,0,0,0,1,0,0,1,0,6.48,1020259,1966
0,0,0,0,0,0,0,0,7,0,0,0,0,6.48,96999,2020
0,0,0,0,0,0,0,0,9,0,0,0,0,6.48,1105849,1974
0,0,0,0,0,0,0,0,8,0,0,0,0,6.47,344077,1960
0,0,0,0,0,0,0,0,0,0,0,0,0,6.47,1200730,1981
0,0,0,0,0,0,0,0,4,0,0,0,0,6.47,1065962,1961
0,0,0,0,0,0,0,0,3,0,0,1,0,6.47,787480,1973
0,0,0,0,0,0,0,0,24,0,0,3,0,6.46,850955,1968
0,0,0,0,0,0,0,0,10,0,0,0,0,6.46,249881,1955
0,0,0,0,0,0,0,0,5,0,0,1,0,6.46,942054,1982
0,0,0,0,0,0,0,0,3,0,0,0,0,6.46,123357,49202
0,0,0,0,0,0,0,0,3,0,0,1,0,6.45,243501,1982
0,0,0,0,0,0,0,0,9,0,0,1,0,6.45,108398,1982
0,0,0,0,0,0,0,0,3,0,0,0,0,6.44,1385003,5926
0,0,0,0,0,0,0,0,2,0,0,0,0,6.44,1466777,1954
6,4,1,0,1,2,3,1,8,3,0,0,1,6.44,981586,1999
21,13,2,0,0,8,3,1,5,3,0,4,3,6.44,880117,1982
0,0,0,0,1,0,0,0,9,0,0,3,0,6.41,1462756,1982
0,0,0,0,0,0,0,0,0,0,0,0,0,6.4,1604944,1981
0,0,0,0,0,0,0,0,5,0,0,0,0,6.4,1002443,1963
0,0,0,0,0,0,0,0,2,0,0,0,0,6.4,339447,1957
0,0,0,0,0,0,0,0,10,0,0,1,0,6.4,1134106,1982
0,0,0,0,0,0,0,0,0,0,0,0,0,6.4,881215,1981
0,0,0,0,0,0,0,0,0,0,0,0,0,6.4,988780,1968
0,0,0,0,0,0,0,0,0,0,0,0,0,6.4,1108505,1974
0,0,0,0,0,0,0,0,2,0,0,0,0,6.4,794139,1999
0,0,0,0,0,0,0,0,0,0,0,0,0,6.4,1382425,5926
0,0,0,0,0,0,0,0,0,0,0,2,0,6.4,989462,1968
0,0,0,0,0,0,0,0,0,0,0,0,0,6.4,1106143,1982
0,0,0,0,0,0,0,0,1,0,0,0,0,6.4,1467772,49202
0,0,0,0,0,0,0,0,0,0,0,0,0,6.4,1382233,1960
3,1,1,0,0,2,0,0,4,0,0,0,4,6.4,311402,1973
5,2,1,0,0,3,0,0,4,0,0,1,1,6.4,1092614,1961
0,0,0,0,0,0,0,0,2,0,0,0,0,6.4,311456,5981
0,0,0,0,0,0,0,0,4,0,0,1,0,6.38,128440,1968
0,0,0,0,0,0,0,0,4,0,0,0,0,6.38,1174625,1974
0,0,0,0,0,0,0,0,5,0,0,1,0,6.37,877470,1982
0,0,0,0,0,0,0,0,1,0,0,2,0,6.37,243175,1967
0,0,0,0,0,0,0,0,1,0,0,0,0,6.35,1047852,5926
0,0,0,0,0,0,0,0,1,0,0,0,0,6.35,1086482,1958
0,0,0,0,0,0,0,0,2,0,0,0,0,6.35,827141,1958
0,0,0,0,0,0,0,0,0,0,0,0,0,6.35,794930,2020
0,0,0,0,0,0,0,0,2,0,0,0,0,6.35,1065976,1968
0,0,0,0,0,0,0,0,3,0,0,0,0,6.34,923853,1960
0,0,0,0,0,0,0,0,2,0,0,0,0,6.33,882854,1960
0,0,0,0,0,0,0,0,7,0,0,1,0,6.31,329597,1954
0,0,0,0,0,0,0,0,0,0,0,0,0,6.3,1009937,1981
0,0,0,0,0,0,0,0,1,0,0,0,0,6.3,1485598,1981
0,0,0,0,0,0,0,0,1,0,0,0,0,6.3,1174943,1963
0,0,0,0,0,0,0,0,0,0,0,0,0,6.3,992610,1958
0,0,0,0,0,0,0,0,3,0,0,0,0,6.3,1177012,1982
0,0,0,0,0,0,0,0,0,0,0,0,0,6.3,1485199,1967
0,0,0,0,0,0,0,0,6,0,0,1,0,6.28,594426,1973
1,1,1,0,0,0,0,0,2,0,0,0,0,6.2,795227,49202
0,0,0,0,0,0,0,0,0,0,0,0,0,6.2,1412577,5981
7,4,2,0,0,3,0,2,8,0,0,0,2,6.17,870902,1960
0,0,0,0,0,0,0,0,2,0,0,0,0,6.1,1464309,1974
1,1,0,0,0,0,0,0,2,0,0,0,0,6.1,974334,1955
0,0,0,0,0,0,0,0,1,0,0,1,0,6.08,1116334,1967
0,0,0,0,0,0,0,0,6,0,0,0,0,5.9,1128129,1957
10,6,1,0,0,4,1,0,10,1,0,3,0,5.8,124996,1968
0,0,0,0,0,0,0,0,3,0,0,0,0,5.7,1174761,1973
0,0,0,0,0,0,0,0,3,0,0,0,0,5.7,1500368,5926
0,0,0,0,0,0,0,0,1,0,0,0,0,5.7,1469769,2020
0,0,0,0,0,0,0,0,1,0,0,0,0,5.6,1482362,1966
0,0,0,0,0,0,0,0,0,0,0,0,0,0.0,984887,1954
0,0,0,0,0,0,0,0,1,0,0,0,0,0.0,108426,1957
0,0,0,0,0,0,0,0,0,0,0,0,0,0.0,990170,1966
0,0,0,0,0,0,0,0,0,0,0,0,0,0.0,831993,1968
0,0,0,0,0,0,0,0,0,0,0,0,0,0.0,1175321,1958
0,0,0,0,0,0,0,0,0,0,0,0,0,0.0,1065584,1967
0,0,0,0,0,0,0,0,0,0,0,0,0,0.0,1485604,1981
0,0,0,0,0,0,0,0,0,0,0,0,0,0.0,1392679,1955
0,0,0,0,0,0,0,0,0,0,0,0,0,0.0,1485293,1961
0,0,0,0,0,0,0,0,0,0,0,0,0,0.0,1046433,1967
