goals,successfulDribblesPercentage,blockedShots,penaltyWon,goalsFromOutsideTheBox,hitWoodwork,expectedGoals,totalShots,goalConversionPercentage,shotFromSetPiece,headedGoals,offsides,bigChancesMissed,shotsOnTarget,penaltiesTaken,freeKickGoal,leftFootGoals,penaltyConversion,successfulDribbles,shotsOffTarget,penaltyGoals,goalsFromInsideTheBox,rightFootGoals,setPieceConversion,rating,player.id,team.id
0,0.0,0,0,0,0,0.0,0,0.0,0,0,0,0,0,0,0,0,0.0,0,0,0,0,0,0.0,8.6,890061,47700
7,78.57,3,0,0,0,0.0,28,25.0,0,0,2,2,14,0,0,0,0.0,22,11,0,7,7,0.0,7.73,840066,7059
1,0.0,0,0,0,0,,1,100.0,0,0,0,0,1,0,0,0,0.0,0,0,0,1,1,0.0,7.5,989584,268083
0,0.0,0,0,0,0,0.0,0,0.0,0,0,0,0,0,0,0,0,0.0,0,0,0,0,0,0.0,7.5,989573,423192
8,70.0,5,0,0,3,0.0,49,16.33,15,0,5,6,25,3,0,1,100.0,21,19,3,8,7,0.0,7.46,1476548,6968
0,0.0,0,0,0,0,0.0,0,0.0,0,0,0,0,0,0,0,0,0.0,0,0,0,0,0,0.0,7.4,1184211,7878
5,46.3,13,0,1,2,,52,9.62,6,0,4,3,23,0,1,3,0.0,25,16,0,4,2,16.67,7.38,579384,321264
22,58.54,8,3,2,6,0.0,96,22.92,0,5,16,11,44,3,0,5,100.0,24,44,3,20,12,0.0,7.37,1099312,268083
21,27.27,10,0,2,2,0.0,85,24.71,0,5,15,7,39,1,0,4,0.0,3,36,0,19,11,0.0,7.33,897007,47700
3,62.5,7,0,0,1,,29,10.34,2,0,2,2,11,0,0,3,0.0,10,11,0,3,0,0.0,7.3,1184178,268082
1,72.88,10,0,0,1,0.0,32,3.13,10,0,1,0,6,0,0,0,0.0,43,16,0,1,1,0.0,7.29,386274,268082
22,52.94,11,2,1,5,0.0,94,23.4,0,4,18,12,40,9,0,7,88.89,18,43,8,21,11,0.0,7.29,340419,32529
0,0.0,0,0,0,0,,1,0.0,0,0,0,1,0,0,0,0,0.0,0,1,0,0,0,0.0,7.28,894214,268083
2,56.52,6,0,0,0,0.0,27,7.41,1,0,7,2,12,0,0,0,0.0,13,9,0,2,2,0.0,7.28,38406,47700
2,25.0,3,1,1,3,,29,6.9,9,0,3,0,8,0,0,0,0.0,1,18,0,1,2,0.0,7.26,311400,33820
18,54.55,18,1,0,3,0.0,79,22.78,0,3,18,10,32,8,0,3,87.5,18,29,7,18,12,0.0,7.25,805150,7059
2,62.07,21,0,2,3,0.0,92,2.17,35,0,6,0,25,0,0,0,0.0,18,46,0,0,2,0.0,7.25,931426,268083
6,69.7,14,1,5,0,0.0,69,8.7,10,0,2,3,29,0,3,0,0.0,23,26,0,1,6,30.0,7.24,868702,47700
8,50.0,15,0,3,5,0.0,66,12.12,19,0,2,4,30,1,1,2,100.0,11,21,1,5,6,5.26,7.23,876307,7059
3,55.43,10,2,1,2,0.0,37,8.11,5,0,1,3,16,0,1,1,0.0,51,11,0,2,2,20.0,7.22,72872,32529
18,44.23,15,0,2,3,0.0,97,18.56,1,5,17,15,41,3,0,2,100.0,23,41,3,16,11,0.0,7.21,815461,47700
5,71.11,11,1,2,2,0.0,46,10.87,6,0,5,0,14,0,0,1,0.0,32,21,0,3,4,0.0,7.21,223728,273544
4,57.55,17,0,0,0,0.0,57,7.02,2,0,12,2,16,3,0,0,100.0,61,24,3,4,4,0.0,7.19,789878,273544
3,100.0,1,0,0,0,0.0,11,27.27,0,2,1,1,5,0,0,0,0.0,5,5,0,3,1,0.0,7.18,122667,7878
10,55.65,26,1,1,1,0.0,71,14.08,7,0,17,2,22,4,0,4,100.0,64,23,4,9,6,0.0,7.18,846524,372975
0,0.0,0,0,0,0,0.0,0,0.0,0,0,0,0,0,0,0,0,0.0,0,0,0,0,0,0.0,7.17,870493,7878
1,50.0,12,0,0,2,0.0,39,2.56,1,0,0,0,5,0,0,0,0.0,9,22,0,1,1,0.0,7.17,1468327,321264
17,42.31,16,0,0,1,0.0,85,20.0,0,7,9,6,41,5,0,0,80.0,11,28,4,17,10,0.0,7.15,839459,33714
9,58.72,22,0,0,1,0.0,77,11.69,9,0,6,5,34,5,0,9,100.0,64,21,5,9,0,0.0,7.15,819655,327910
5,55.32,8,1,3,3,0.0,53,9.43,10,0,1,1,24,2,1,1,100.0,26,21,2,2,4,10.0,7.15,1000182,268083
7,83.33,6,0,2,0,0.0,27,25.93,0,2,2,2,14,0,0,1,0.0,5,7,0,5,4,0.0,7.15,866847,7059
5,57.89,4,0,0,0,0.0,18,27.78,0,1,0,1,5,4,0,0,100.0,11,9,4,5,4,0.0,7.15,340857,335685
4,62.71,13,1,2,0,0.0,43,9.3,3,0,4,1,16,0,1,4,0.0,37,14,0,2,0,33.33,7.15,1017472,32529
2,64.29,3,0,2,0,0.0,11,18.18,2,0,0,0,6,0,1,1,0.0,9,2,0,0,1,50.0,7.15,590260,32529
1,0.0,0,0,0,0,0.0,1,100.0,0,0,0,0,1,1,0,0,100.0,0,0,1,1,1,0.0,7.14,34430,268082
3,68.75,17,1,0,0,,75,4.0,2,0,6,2,24,1,0,2,100.0,33,34,1,3,1,0.0,7.14,1099313,268083
1,50.0,1,0,0,0,0.0,14,7.14,1,1,1,0,3,0,0,0,0.0,2,10,0,1,0,0.0,7.13,944708,372975
3,56.25,16,0,1,2,0.0,55,5.45,14,0,16,0,21,0,0,0,0.0,18,18,0,2,3,0.0,7.13,866405,33714
6,47.06,6,1,1,0,0.0,38,15.79,5,1,0,2,14,0,0,5,0.0,8,18,0,5,0,0.0,7.13,796451,7878
10,41.67,15,0,1,3,0.0,89,11.24,8,0,10,7,35,4,0,8,100.0,15,39,4,9,2,0.0,7.07,340125,6968
5,63.41,10,0,0,1,0.0,46,10.87,8,0,5,1,18,0,0,1,0.0,26,18,0,5,4,0.0,7.06,1017482,268083
0,0.0,0,0,0,0,0.0,0,0.0,0,0,0,0,0,0,0,0,0.0,0,0,0,0,0,0.0,7.06,975065,273544
1,73.91,7,1,0,2,0.0,22,4.55,6,1,2,1,9,0,0,0,0.0,17,6,0,1,0,0.0,7.06,130098,335685
6,48.57,10,1,1,2,,62,9.68,8,1,15,5,26,2,1,0,100.0,17,26,2,5,5,12.5,7.06,358932,321264
0,58.33,4,0,0,0,,15,0.0,0,0,2,1,3,0,0,0,0.0,14,8,0,0,0,0.0,7.05,986778,7059
4,43.86,3,0,0,1,0.0,28,14.29,6,0,5,0,11,0,0,3,0.0,25,14,0,4,1,0.0,7.05,815133,335685
0,0.0,0,0,0,0,0.0,0,0.0,0,0,0,0,0,0,0,0,0.0,0,0,0,0,0,0.0,7.05,1503689,268083
6,30.0,2,0,0,1,0.0,21,28.57,0,1,3,3,10,2,0,5,100.0,3,9,2,6,0,0.0,7.03,77558,7878
3,53.73,17,1,1,2,0.0,64,4.69,7,0,1,3,16,0,0,0,0.0,36,31,0,2,3,0.0,7.03,163161,33714
3,75.0,2,0,1,0,0.0,18,16.67,3,1,2,0,4,0,0,1,0.0,6,12,0,2,1,0.0,7.02,1184158,33820
1,62.5,8,0,1,1,0.0,32,3.13,3,0,0,0,5,0,1,0,0.0,5,19,0,0,1,33.33,7.02,220991,7059
7,48.78,19,2,1,3,,80,8.75,0,3,23,5,23,0,0,0,0.0,20,38,0,6,4,0.0,7.02,1495665,423192
4,63.16,10,0,1,1,0.0,38,10.53,0,1,1,0,7,1,0,0,100.0,48,21,1,3,3,0.0,7.02,1495631,268083
1,52.63,3,1,1,0,,11,9.09,3,0,0,1,5,0,0,0,0.0,10,3,0,0,1,0.0,7.02,116952,7059
5,54.72,7,1,1,0,0.0,36,13.89,5,1,0,1,14,1,0,1,100.0,29,15,1,4,3,0.0,7.01,250235,33820
1,81.25,1,0,0,0,0.0,14,7.14,1,1,1,0,4,0,0,0,0.0,13,9,0,1,0,0.0,7.01,1184221,268082
7,55.88,12,0,1,1,0.0,41,17.07,1,0,1,3,16,0,0,1,0.0,38,13,0,6,6,0.0,7.0,37952,7059
0,0.0,0,1,0,0,,0,0.0,0,0,0,0,0,0,0,0,0.0,0,0,0,0,0,0.0,7.0,1017445,423192
0,0.0,0,0,0,0,0.0,0,0.0,0,0,0,0,0,0,0,0,0.0,0,0,0,0,0,0.0,7.0,1184187,335685
0,100.0,0,0,0,0,0.0,1,0.0,0,0,0,0,0,0,0,0,0.0,1,1,0,0,0,0.0,7.0,1017481,7059
4,57.89,6,1,2,0,0.0,36,11.11,10,1,5,0,13,1,1,3,100.0,11,17,1,2,0,10.0,7.0,64982,7878
7,45.0,7,3,1,1,0.0,35,20.0,0,0,8,3,21,0,0,0,0.0,18,7,0,6,7,0.0,7.0,974103,32529
0,100.0,0,0,0,1,0.0,0,0.0,0,0,0,0,0,0,0,0,0.0,1,0,0,0,0,0.0,6.99,1184161,33820
0,0.0,0,0,0,0,0.0,0,0.0,0,0,0,0,0,0,0,0,0.0,0,0,0,0,0,0.0,6.98,877531,335685
4,43.59,13,1,1,0,0.0,44,9.09,5,1,11,2,17,1,0,0,100.0,17,14,1,3,3,0.0,6.98,163181,33714
2,63.16,9,0,1,0,0.0,33,6.06,5,0,0,0,8,0,0,0,0.0,12,16,0,1,2,0.0,6.98,877535,273544
3,64.29,7,0,0,0,,27,11.11,5,0,1,2,12,1,0,2,0.0,18,8,0,3,1,0.0,6.98,339123,47701
8,33.33,2,0,1,2,0.0,30,26.67,0,3,3,1,18,0,0,2,0.0,6,10,0,7,3,0.0,6.97,589582,32529
0,0.0,0,0,0,0,0.0,0,0.0,0,0,0,0,0,0,0,0,0.0,0,0,0,0,0,0.0,6.97,1418344,268082
2,57.14,5,0,0,2,0.0,25,8.0,0,0,0,1,7,0,0,0,0.0,4,13,0,2,2,0.0,6.96,893078,268083
2,46.67,4,0,1,0,0.0,20,10.0,3,1,4,2,12,1,1,0,0.0,14,4,0,1,1,33.33,6.96,897151,423192
2,54.55,4,1,1,0,,16,12.5,0,0,1,0,6,0,0,2,0.0,6,6,0,1,0,0.0,6.96,175097,33820
0,100.0,0,0,0,0,0.0,0,0.0,0,0,0,0,0,0,0,0,0.0,1,0,0,0,0,0.0,6.95,886913,33714
8,37.5,14,0,1,3,,63,12.7,0,1,24,6,20,2,0,1,100.0,6,29,2,7,6,0.0,6.94,805363,321264
5,61.54,13,0,0,0,0.0,55,9.09,0,1,10,5,22,0,0,0,0.0,64,20,0,5,4,0.0,6.94,1156453,268083
0,0.0,0,0,0,0,0.0,0,0.0,0,0,0,0,0,0,0,0,0.0,0,0,0,0,0,0.0,6.93,873729,32529
5,50.0,1,0,0,0,0.0,9,55.56,0,3,1,0,6,0,0,0,0.0,2,2,0,5,2,0.0,6.93,12435,47700
3,40.0,3,0,0,0,0.0,31,9.68,0,1,1,1,10,0,0,0,0.0,10,18,0,3,2,0.0,6.93,247125,335685
2,42.86,1,0,0,0,0.0,8,25.0,0,2,1,0,2,0,0,0,0.0,6,5,0,2,0,0.0,6.93,1102032,7878
0,0.0,1,0,0,0,0.0,1,0.0,0,0,0,0,0,0,0,0,0.0,0,0,0,0,0,0.0,6.93,331437,32529
0,66.67,2,0,0,0,0.0,20,0.0,0,0,0,4,5,0,0,0,0.0,10,13,0,0,0,0.0,6.93,345747,268082
0,0.0,0,0,0,0,0.0,0,0.0,0,0,0,0,0,0,0,0,0.0,0,0,0,0,0,0.0,6.93,846777,7059
0,0.0,0,0,0,0,0.0,0,0.0,0,0,0,0,0,0,0,0,0.0,0,0,0,0,0,0.0,6.92,1184170,33714
0,100.0,0,0,0,0,0.0,0,0.0,0,0,0,0,0,0,0,0,0.0,2,0,0,0,0,0.0,6.92,47452,7059
1,53.33,3,0,0,1,0.0,26,3.85,1,0,2,2,6,0,0,0,0.0,16,17,0,1,1,0.0,6.92,162707,7878
1,40.0,2,0,0,1,0.0,16,6.25,3,0,1,0,8,0,0,0,0.0,4,6,0,1,1,0.0,6.92,1495609,273544
1,50.0,5,0,0,0,0.0,31,3.23,1,0,8,0,9,0,0,1,0.0,18,17,0,1,0,0.0,6.92,1085228,7878
1,44.44,2,0,0,0,0.0,4,25.0,0,0,2,0,1,0,0,0,0.0,4,1,0,1,1,0.0,6.91,329269,268082
1,61.11,11,0,0,1,0.0,34,2.94,5,0,4,1,10,0,0,0,0.0,11,13,0,1,1,0.0,6.91,75655,47700
1,58.62,6,0,1,2,0.0,43,2.33,1,0,0,1,14,0,0,0,0.0,17,23,0,0,1,0.0,6.91,1008535,321264
0,71.43,2,0,0,0,0.0,14,0.0,0,0,0,0,2,0,0,0,0.0,5,10,0,0,0,0.0,6.91,927215,7878
2,57.14,6,0,2,0,0.0,26,7.69,6,0,1,0,8,0,1,2,0.0,8,12,0,0,0,16.67,6.91,876306,327860
2,70.0,6,1,0,0,0.0,24,8.33,1,1,1,1,7,0,0,0,0.0,7,11,0,2,1,0.0,6.9,1108509,47700
1,71.43,0,0,0,0,0.0,5,20.0,0,0,0,0,3,0,0,0,0.0,5,2,0,1,1,0.0,6.9,1495670,372975
1,66.67,2,1,0,0,0.0,24,4.17,0,1,0,2,7,0,0,0,0.0,4,15,0,1,0,0.0,6.9,340839,7059
0,100.0,0,0,0,0,,1,0.0,0,0,0,0,0,0,0,0,0.0,1,1,0,0,0,0.0,6.9,1184177,32529
0,0.0,0,0,0,0,,0,0.0,0,0,0,0,0,0,0,0,0.0,0,0,0,0,0,0.0,6.9,790107,321264
0,33.33,0,0,0,0,0.0,2,0.0,0,0,0,0,0,0,0,0,0.0,1,2,0,0,0,0.0,6.9,1564072,423192
0,100.0,0,0,0,0,0.0,0,0.0,0,0,0,0,0,0,0,0,0.0,1,0,0,0,0,0.0,6.9,885576,327860
0,70.37,1,0,0,0,0.0,3,0.0,0,0,0,0,1,0,0,0,0.0,19,1,0,0,0,0.0,6.9,84604,335685
11,57.14,8,1,0,0,0.0,42,26.19,0,3,13,4,18,2,0,2,100.0,8,16,2,11,6,0.0,6.9,233338,273544
3,84.62,9,0,2,1,0.0,37,8.11,1,0,0,1,11,0,0,3,0.0,11,17,0,1,0,0.0,6.89,874470,335685
1,50.0,6,0,1,1,0.0,28,3.57,6,0,0,0,8,0,0,1,0.0,8,14,0,0,0,0.0,6.89,127947,7059
5,56.52,6,0,1,0,0.0,43,11.63,15,0,3,3,13,3,1,1,100.0,13,24,3,4,4,6.67,6.89,805321,423192
1,100.0,1,0,0,0,0.0,9,11.11,0,1,1,0,3,0,0,0,0.0,2,5,0,1,0,0.0,6.88,47210,33714
0,100.0,0,0,0,0,,3,0.0,0,0,3,0,0,0,0,0,0.0,1,3,0,0,0,0.0,6.88,946802,33714
0,68.75,2,0,0,0,,12,0.0,3,0,0,0,4,0,0,0,0.0,11,6,0,0,0,0.0,6.88,116096,47701
0,62.5,1,0,0,0,,13,0.0,1,0,0,0,3,0,0,0,0.0,5,9,0,0,0,0.0,6.88,846776,47700
2,83.33,0,0,0,0,0.0,8,25.0,0,2,1,0,2,0,0,0,0.0,10,6,0,2,0,0.0,6.88,249285,33714
1,66.67,4,0,0,0,0.0,11,9.09,0,0,0,1,3,0,0,0,0.0,18,4,0,1,1,0.0,6.88,1008536,273544
2,91.67,2,0,0,0,,9,22.22,0,0,2,0,4,0,0,2,0.0,11,3,0,2,0,0.0,6.88,886576,47701
0,40.0,2,0,0,0,0.0,13,0.0,3,0,0,0,3,0,0,0,0.0,6,8,0,0,0,0.0,6.88,895960,268082
6,49.21,10,1,0,2,0.0,71,8.45,1,1,11,5,19,1,0,2,100.0,31,42,1,6,3,0.0,6.87,1016143,268082
2,29.17,0,0,0,0,,4,50.0,0,0,3,0,2,0,0,2,0.0,7,2,0,2,0,0.0,6.87,878344,33820
0,0.0,0,0,0,0,0.0,0,0.0,0,0,0,0,0,0,0,0,0.0,0,0,0,0,0,0.0,6.87,1184172,327860
3,52.17,7,1,0,0,0.0,31,9.68,0,1,16,0,9,0,0,1,0.0,12,15,0,3,1,0.0,6.86,75642,372975
4,46.67,2,0,0,1,,25,16.0,1,1,3,1,10,0,0,0,0.0,7,13,0,4,3,0.0,6.86,875242,47701
0,0.0,0,0,0,0,0.0,0,0.0,0,0,0,0,0,0,0,0,0.0,0,0,0,0,0,0.0,6.86,875243,47700
2,50.0,3,1,0,5,0.0,25,8.0,0,2,5,4,5,2,0,0,0.0,20,17,0,2,0,0.0,6.86,868706,47701
0,45.45,3,0,0,0,0.0,4,0.0,0,0,1,0,0,0,0,0,0.0,5,1,0,0,0,0.0,6.86,1169071,33820
2,57.14,5,2,0,0,0.0,29,6.9,3,0,10,5,10,3,0,0,66.67,8,14,2,2,2,0.0,6.86,790008,33820
0,66.67,3,0,0,0,0.0,6,0.0,0,0,0,0,2,0,0,0,0.0,18,1,0,0,0,0.0,6.85,1116477,268083
1,100.0,2,0,0,0,0.0,10,10.0,0,1,0,2,4,0,0,0,0.0,4,4,0,1,0,0.0,6.85,249333,32529
9,43.75,5,0,0,0,0.0,40,22.5,0,1,3,3,22,2,0,2,100.0,7,13,2,9,6,0.0,6.85,846158,32529
0,66.67,4,0,0,1,0.0,15,0.0,1,0,1,0,6,0,0,0,0.0,8,5,0,0,0,0.0,6.85,131615,372975
0,0.0,0,0,0,0,0.0,0,0.0,0,0,0,0,0,0,0,0,0.0,0,0,0,0,0,0.0,6.85,979326,268083
1,0.0,1,0,0,0,,6,16.67,0,0,0,0,1,0,0,0,0.0,0,4,0,1,1,0.0,6.85,947067,372975
1,57.14,1,0,0,0,0.0,13,7.69,0,1,6,2,5,0,0,0,0.0,8,7,0,1,0,0.0,6.85,815445,7059
3,46.15,5,0,1,1,0.0,26,11.54,0,0,1,0,10,0,0,0,0.0,6,11,0,2,3,0.0,6.85,147479,7878
0,68.63,7,0,0,0,0.0,15,0.0,0,0,0,0,0,0,0,0,0.0,35,8,0,0,0,0.0,6.84,1114079,268083
0,46.15,0,0,0,0,0.0,0,0.0,0,0,1,0,0,0,0,0,0.0,6,0,0,0,0,0.0,6.84,931652,47700
6,50.0,10,0,0,1,0.0,34,17.65,0,1,10,2,11,1,0,3,100.0,11,13,1,6,2,0.0,6.84,836165,273544
0,49.32,9,1,0,2,0.0,37,0.0,2,0,1,2,10,0,0,0,0.0,36,18,0,0,0,0.0,6.84,350568,32529
2,75.0,4,0,1,0,,23,8.7,0,1,4,1,9,0,0,0,0.0,6,10,0,1,1,0.0,6.84,378642,7878
2,50.0,1,1,0,0,,12,16.67,0,2,5,0,7,0,0,0,0.0,4,4,0,2,0,0.0,6.83,877519,47701
0,52.17,4,0,0,0,0.0,8,0.0,0,0,0,0,2,0,0,0,0.0,12,2,0,0,0,0.0,6.83,1116679,7059
0,52.38,9,0,0,1,0.0,42,0.0,2,0,4,1,9,0,0,0,0.0,11,24,0,0,0,0.0,6.83,941449,47701
3,76.92,6,0,0,0,0.0,26,11.54,0,2,0,2,6,0,0,1,0.0,10,14,0,3,0,0.0,6.83,926882,33714
4,68.42,10,1,0,1,0.0,25,16.0,1,1,5,1,6,0,0,0,0.0,13,9,0,4,3,0.0,6.83,1495685,423192
0,65.52,3,0,0,0,0.0,15,0.0,1,0,1,0,5,0,0,0,0.0,19,7,0,0,0,0.0,6.83,975109,6968
0,100.0,0,0,0,0,0.0,6,0.0,0,0,0,1,1,0,0,0,0.0,1,5,0,0,0,0.0,6.83,868699,335685
0,50.0,0,0,0,0,,1,0.0,0,0,0,0,0,0,0,0,0.0,1,1,0,0,0,0.0,6.83,1473453,33820
0,100.0,2,0,0,0,0.0,9,0.0,0,0,1,1,1,0,0,0,0.0,1,6,0,0,0,0.0,6.83,902907,47701
1,62.16,4,0,0,1,0.0,29,3.45,0,0,5,1,10,0,0,0,0.0,23,15,0,1,1,0.0,6.82,1177431,7878
3,48.48,6,1,1,2,0.0,18,16.67,1,0,3,1,4,0,0,0,0.0,16,8,0,2,3,0.0,6.82,1107011,47701
1,54.55,2,0,0,0,0.0,10,10.0,0,0,0,0,3,0,0,0,0.0,6,5,0,1,1,0.0,6.82,1174958,47700
0,0.0,0,0,0,0,0.0,0,0.0,0,0,0,0,0,0,0,0,0.0,0,0,0,0,0,0.0,6.82,805225,321264
0,87.5,2,0,0,1,0.0,7,0.0,0,0,0,0,1,0,0,0,0.0,14,4,0,0,0,0.0,6.82,33187,33714
0,62.5,5,0,0,1,0.0,12,0.0,0,0,0,2,1,0,0,0,0.0,20,6,0,0,0,0.0,6.82,805360,33820
5,55.32,7,1,1,0,0.0,37,13.51,2,3,7,2,14,1,0,0,0.0,26,16,0,4,2,0.0,6.82,802897,321264
8,30.0,7,1,1,1,,40,20.0,1,2,9,5,13,2,1,3,50.0,9,20,1,7,3,100.0,6.81,1092323,327860
5,50.0,5,0,3,2,0.0,34,14.71,0,0,4,1,14,0,0,0,0.0,12,15,0,2,5,0.0,6.81,964296,7059
0,67.39,1,0,0,0,0.0,3,0.0,0,0,2,0,0,0,0,0,0.0,31,2,0,0,0,0.0,6.81,1114091,7059
2,55.0,6,1,1,0,0.0,20,10.0,0,0,1,1,10,0,0,0,0.0,11,4,0,1,2,0.0,6.81,1424737,268083
2,51.43,3,1,0,0,0.0,17,11.76,2,1,10,1,7,0,0,0,0.0,18,7,0,2,1,0.0,6.81,11348,6968
0,68.75,6,0,0,1,0.0,21,0.0,6,0,1,0,7,0,0,0,0.0,11,8,0,0,0,0.0,6.8,1148599,273544
9,48.48,5,0,2,2,0.0,43,20.93,0,0,8,4,23,0,0,8,0.0,16,15,0,7,1,0.0,6.8,808183,7059
4,40.91,8,1,2,1,0.0,48,8.33,4,1,2,2,13,0,0,0,0.0,9,27,0,2,3,0.0,6.8,1490611,327910
3,55.93,10,0,0,2,0.0,60,5.0,1,2,21,8,20,0,0,0,0.0,33,30,0,3,1,0.0,6.8,1020469,33714
1,50.0,5,0,0,1,0.0,26,3.85,2,0,1,0,8,0,0,1,0.0,17,13,0,1,0,0.0,6.8,312258,32529
0,0.0,1,0,0,0,,1,0.0,0,0,0,0,0,0,0,0,0.0,0,0,0,0,0,0.0,6.8,1169067,327860
0,0.0,0,0,0,0,0.0,0,0.0,0,0,0,0,0,0,0,0,0.0,0,0,0,0,0,0.0,6.8,1169074,33820
0,57.14,9,0,0,0,0.0,24,0.0,1,0,2,0,5,0,0,0,0.0,20,10,0,0,0,0.0,6.8,932242,32529
3,51.16,4,0,0,1,,25,12.0,0,0,4,2,7,0,0,2,0.0,22,14,0,3,1,0.0,6.8,866477,335685
3,50.0,2,0,1,0,0.0,19,15.79,0,0,0,1,8,2,0,0,100.0,4,9,2,2,3,0.0,6.79,147558,47701
4,27.59,6,0,0,3,0.0,28,14.29,0,2,2,1,10,0,0,0,0.0,8,12,0,4,2,0.0,6.79,975062,33820
5,100.0,0,0,0,0,0.0,22,22.73,1,2,9,2,11,0,0,0,0.0,3,11,0,5,3,0.0,6.79,846369,268082
0,50.0,1,0,0,0,,5,0.0,0,0,0,0,0,0,0,0,0.0,5,4,0,0,0,0.0,6.79,819170,268083
0,38.1,5,0,0,2,0.0,32,0.0,3,0,0,0,5,0,0,0,0.0,8,22,0,0,0,0.0,6.78,856508,47701
3,58.54,12,0,0,2,0.0,36,8.33,0,1,4,2,10,0,0,1,0.0,24,14,0,3,1,0.0,6.78,914211,6968
1,41.67,7,0,0,2,0.0,19,5.26,0,1,3,2,3,0,0,0,0.0,5,9,0,1,0,0.0,6.78,47466,273544
1,0.0,0,1,0,0,0.0,6,16.67,0,1,0,0,3,0,0,0,0.0,0,3,0,1,0,0.0,6.78,1474879,33820
0,83.87,2,0,0,0,0.0,16,0.0,1,0,0,1,0,0,0,0,0.0,26,14,0,0,0,0.0,6.78,897150,327910
1,33.33,1,0,0,0,,13,7.69,5,1,2,0,9,0,0,0,0.0,2,3,0,1,0,0.0,6.78,1106065,47701
2,72.22,9,0,1,0,0.0,22,9.09,6,0,0,0,4,1,0,0,100.0,13,9,1,1,2,0.0,6.78,1017447,321264
1,58.62,5,2,1,1,0.0,20,5.0,1,0,2,0,6,0,0,1,0.0,17,9,0,0,0,0.0,6.78,973545,268082
1,53.33,1,0,0,0,0.0,3,33.33,0,0,0,0,2,0,0,0,0.0,16,0,0,1,1,0.0,6.78,1394847,7059
1,0.0,0,0,0,0,0.0,5,20.0,0,0,2,0,2,0,0,0,0.0,0,3,0,1,1,0.0,6.78,1394163,335685
1,100.0,1,0,0,0,0.0,4,25.0,0,0,0,0,1,0,0,1,0.0,2,2,0,1,0,0.0,6.78,805061,327860
0,66.67,0,0,0,0,0.0,0,0.0,0,0,0,0,0,0,0,0,0.0,2,0,0,0,0,0.0,6.78,1017478,268082
0,67.74,4,0,0,0,0.0,12,0.0,0,0,2,0,3,0,0,0,0.0,21,5,0,0,0,0.0,6.77,831746,327860
0,60.0,1,0,0,0,0.0,4,0.0,0,0,0,0,1,0,0,0,0.0,3,2,0,0,0,0.0,6.77,979780,47701
2,56.41,12,0,0,0,0.0,36,5.56,13,0,3,1,10,0,0,1,0.0,22,14,0,2,1,0.0,6.77,842932,372975
0,72.22,3,0,0,0,0.0,8,0.0,1,0,0,1,4,0,0,0,0.0,13,1,0,0,0,0.0,6.77,1197426,268083
0,100.0,4,0,0,1,0.0,6,0.0,0,0,0,0,0,0,0,0,0.0,5,2,0,0,0,0.0,6.76,873728,47700
2,28.57,2,0,0,0,0.0,9,22.22,0,1,0,0,3,0,0,0,0.0,2,4,0,2,1,0.0,6.76,1142053,47701
0,40.0,2,1,0,0,0.0,16,0.0,1,0,0,1,4,0,0,0,0.0,2,10,0,0,0,0.0,6.76,1200519,321264
0,80.0,0,0,0,0,0.0,2,0.0,0,0,0,0,0,0,0,0,0.0,4,2,0,0,0,0.0,6.76,123245,6968
0,0.0,0,0,0,0,0.0,0,0.0,0,0,0,0,0,0,0,0,0.0,0,0,0,0,0,0.0,6.76,980760,321264
0,87.5,1,0,0,1,0.0,10,0.0,0,0,0,0,3,0,0,0,0.0,7,6,0,0,0,0.0,6.76,247189,32529
0,0.0,0,0,0,0,0.0,0,0.0,0,0,0,0,0,0,0,0,0.0,0,0,0,0,0,0.0,6.76,1017424,47701
1,53.33,5,0,0,0,0.0,15,6.67,0,0,0,1,4,0,0,1,0.0,8,6,0,1,0,0.0,6.75,333761,273544
4,73.08,5,0,0,3,0.0,29,13.79,0,0,4,1,10,0,0,3,0.0,19,14,0,4,1,0.0,6.75,1116671,7059
1,66.67,5,0,0,0,0.0,17,5.88,0,0,1,0,1,0,0,0,0.0,6,11,0,1,1,0.0,6.75,163179,7059
7,43.48,0,0,0,0,0.0,34,20.59,0,0,11,10,19,5,0,1,80.0,10,15,4,7,6,0.0,6.75,80934,33820
6,75.0,4,0,0,0,0.0,35,17.14,6,4,4,2,10,2,0,2,100.0,9,21,2,6,0,0.0,6.75,166151,423192
2,30.77,9,0,0,2,0.0,27,7.41,4,1,0,0,6,0,0,1,0.0,4,12,0,2,0,0.0,6.75,886777,32529
1,50.0,0,0,0,0,0.0,5,20.0,0,0,1,0,1,0,0,0,0.0,3,4,0,1,1,0.0,6.75,1177432,268082
0,0.0,0,0,0,0,,1,0.0,0,0,0,0,0,0,0,0,0.0,0,1,0,0,0,0.0,6.75,1495671,423192
0,75.0,3,1,0,0,0.0,4,0.0,0,0,0,0,0,0,0,0,0.0,3,1,0,0,0,0.0,6.75,1413181,268083
3,16.67,6,0,0,1,0.0,27,11.11,0,2,6,1,11,0,0,0,0.0,1,10,0,3,0,0.0,6.75,1477487,327910
1,0.0,0,0,0,0,0.0,2,50.0,0,0,0,0,2,0,0,0,0.0,0,0,0,1,1,0.0,6.74,876305,47701
0,0.0,0,0,0,0,0.0,0,0.0,0,0,0,0,0,0,0,0,0.0,0,0,0,0,0,0.0,6.74,931396,47701
4,32.0,12,0,1,1,0.0,52,7.69,2,0,14,4,19,1,0,0,100.0,8,21,1,3,4,0.0,6.74,1495597,268082
4,48.72,3,0,0,1,0.0,27,14.81,0,1,8,6,15,0,0,0,0.0,19,9,0,4,2,0.0,6.74,923039,47701
1,41.18,2,0,0,0,0.0,10,10.0,1,0,2,0,1,0,0,1,0.0,7,7,0,1,0,0.0,6.74,1099307,327860
3,20.0,3,0,0,0,0.0,18,16.67,0,3,0,2,7,0,0,0,0.0,1,8,0,3,0,0.0,6.74,935010,32529
0,50.0,0,0,0,0,0.0,1,0.0,0,0,2,0,0,0,0,0,0.0,1,1,0,0,0,0.0,6.74,975104,335685
0,50.0,5,0,0,1,,13,0.0,4,0,1,0,5,0,0,0,0.0,5,3,0,0,0,0.0,6.74,1507161,423192
0,25.0,3,0,0,0,0.0,4,0.0,0,0,0,0,0,0,0,0,0.0,1,1,0,0,0,0.0,6.74,805478,268082
1,50.0,1,0,1,0,0.0,7,14.29,0,0,0,0,3,0,0,0,0.0,1,3,0,0,1,0.0,6.73,1108501,372975
0,0.0,0,0,0,0,0.0,0,0.0,0,0,0,0,0,0,0,0,0.0,0,0,0,0,0,0.0,6.73,1513694,6968
0,80.0,1,0,0,0,0.0,5,0.0,1,0,1,0,1,0,0,0,0.0,4,3,0,0,0,0.0,6.73,1147478,7878
2,53.73,2,0,0,0,0.0,17,11.76,0,0,3,1,7,0,0,1,0.0,36,8,0,2,1,0.0,6.73,1468412,327860
0,0.0,0,0,0,0,0.0,0,0.0,0,0,0,0,0,0,0,0,0.0,0,0,0,0,0,0.0,6.73,1477486,327910
1,25.0,0,1,0,0,0.0,15,6.67,0,1,2,3,6,0,0,0,0.0,1,9,0,1,0,0.0,6.73,931227,335685
4,42.86,11,0,0,1,0.0,41,9.76,0,2,16,2,13,0,0,0,0.0,6,17,0,4,2,0.0,6.73,1147477,372975
5,25.0,3,1,0,0,0.0,15,33.33,0,1,13,2,9,1,0,1,100.0,2,3,1,5,3,0.0,6.73,47233,7878
0,30.77,2,0,0,0,0.0,10,0.0,0,0,0,0,3,0,0,0,0.0,4,5,0,0,0,0.0,6.73,1189877,273544
1,75.0,3,0,0,0,0.0,10,10.0,0,0,1,0,4,0,0,0,0.0,27,3,0,1,1,0.0,6.73,1495659,423192
0,50.0,1,0,0,1,0.0,10,0.0,1,0,1,0,2,0,0,0,0.0,1,7,0,0,0,0.0,6.73,33127,47700
1,100.0,0,0,0,0,0.0,10,10.0,0,1,0,2,1,0,0,0,0.0,3,9,0,1,0,0.0,6.73,1184186,335685
0,80.0,3,0,0,1,0.0,27,0.0,1,0,4,0,3,0,0,0,0.0,8,21,0,0,0,0.0,6.73,249297,321264
0,50.0,0,0,0,0,0.0,4,0.0,0,0,2,0,1,0,0,0,0.0,4,3,0,0,0,0.0,6.73,1490350,268083
0,75.0,0,0,0,0,0.0,0,0.0,0,0,0,0,0,0,0,0,0.0,3,0,0,0,0,0.0,6.73,1092592,423192
5,34.04,13,0,0,1,0.0,38,13.16,2,1,3,5,14,0,0,0,0.0,16,11,0,5,4,0.0,6.72,885412,6968
0,0.0,0,0,0,0,0.0,0,0.0,0,0,0,0,0,0,0,0,0.0,0,0,0,0,0,0.0,6.72,815442,6968
2,33.33,2,0,0,0,,9,22.22,0,0,9,1,6,0,0,0,0.0,1,1,0,2,2,0.0,6.72,263439,372975
0,58.82,1,0,0,0,0.0,5,0.0,0,0,1,1,1,0,0,0,0.0,10,3,0,0,0,0.0,6.72,221001,268082
0,100.0,1,0,0,0,,2,0.0,0,0,0,0,1,0,0,0,0.0,2,0,0,0,0,0.0,6.72,358158,32529
0,50.0,1,0,0,0,,3,0.0,0,0,3,0,0,0,0,0,0.0,1,2,0,0,0,0.0,6.71,589654,7878
3,42.86,2,2,1,0,0.0,18,16.67,0,0,6,3,8,0,0,2,0.0,12,8,0,2,1,0.0,6.71,891849,33820
0,0.0,3,0,0,1,0.0,11,0.0,0,0,0,0,4,0,0,0,0.0,0,4,0,0,0,0.0,6.71,975058,47701
2,48.28,0,0,1,0,0.0,12,16.67,0,1,2,0,5,0,0,1,0.0,14,7,0,1,0,0.0,6.71,874467,7878
0,50.0,0,0,0,0,0.0,5,0.0,0,0,0,2,2,0,0,0,0.0,3,3,0,0,0,0.0,6.71,47416,47700
0,56.25,5,0,0,0,0.0,21,0.0,0,0,0,0,6,0,0,0,0.0,9,10,0,0,0,0.0,6.71,1184152,33714
0,100.0,3,0,0,0,0.0,16,0.0,0,0,0,3,1,0,0,0,0.0,1,12,0,0,0,0.0,6.71,789669,47701
2,72.73,6,1,0,0,0.0,15,13.33,0,0,1,2,7,0,0,1,0.0,16,2,0,2,1,0.0,6.71,147560,47700
0,0.0,0,0,0,0,0.0,0,0.0,0,0,0,0,0,0,0,0,0.0,0,0,0,0,0,0.0,6.71,987588,372975
1,50.0,6,0,0,0,0.0,28,3.57,2,0,9,4,10,0,0,0,0.0,19,12,0,1,1,0.0,6.7,887156,335685
1,47.06,11,0,1,0,0.0,32,3.13,5,0,1,1,8,1,0,1,0.0,8,13,0,0,0,0.0,6.7,944160,327860
5,54.69,9,2,2,0,0.0,34,14.71,0,1,5,3,16,0,0,1,0.0,35,9,0,3,3,0.0,6.7,1490615,327910
2,0.0,0,0,0,0,,2,100.0,0,0,0,0,2,2,0,0,100.0,0,0,2,2,2,0.0,6.7,47462,423192
1,55.56,0,0,0,0,0.0,3,33.33,0,0,2,0,1,0,0,0,0.0,5,2,0,1,1,0.0,6.7,1490614,327910
0,50.0,1,0,0,0,,1,0.0,0,0,0,0,0,0,0,0,0.0,2,0,0,0,0,0.0,6.7,1495676,327860
0,0.0,0,0,0,0,,0,0.0,0,0,0,0,0,0,0,0,0.0,0,0,0,0,0,0.0,6.7,893093,47700
0,0.0,0,0,0,0,,0,0.0,0,0,0,0,0,0,0,0,0.0,0,0,0,0,0,0.0,6.7,964279,7878
0,0.0,0,0,0,0,0.0,0,0.0,0,0,0,0,0,0,0,0,0.0,0,0,0,0,0,0.0,6.7,1468166,268083
0,50.0,1,0,0,0,0.0,12,0.0,0,0,1,0,4,0,0,0,0.0,1,7,0,0,0,0.0,6.7,387720,321264
0,58.33,3,0,0,0,0.0,7,0.0,0,0,0,0,1,0,0,0,0.0,7,3,0,0,0,0.0,6.69,1147182,33820
0,50.0,2,0,0,0,0.0,5,0.0,1,0,1,0,1,0,0,0,0.0,4,2,0,0,0,0.0,6.69,1184180,268082
0,54.55,5,0,0,0,0.0,17,0.0,0,0,1,1,3,0,0,0,0.0,12,9,0,0,0,0.0,6.69,47469,33714
1,60.0,0,0,0,0,0.0,2,50.0,0,0,0,1,2,0,0,1,0.0,3,0,0,1,0,0.0,6.69,1016159,7059
0,62.5,2,0,0,1,,7,0.0,0,0,2,0,1,0,0,0,0.0,5,4,0,0,0,0.0,6.69,1177423,47701
1,100.0,2,0,0,0,0.0,8,12.5,0,1,1,0,2,0,0,0,0.0,6,4,0,1,0,0.0,6.69,1116654,273544
3,64.71,5,0,1,1,0.0,13,23.08,0,0,5,0,5,0,0,1,0.0,11,3,0,2,2,0.0,6.69,923029,47701
2,38.46,5,0,2,0,0.0,16,12.5,1,0,9,2,6,0,1,0,0.0,5,5,0,0,2,100.0,6.69,830877,335685
2,100.0,6,0,0,0,0.0,29,6.9,0,2,3,1,11,0,0,0,0.0,4,12,0,2,0,0.0,6.69,886599,47700
2,55.17,4,0,0,0,0.0,7,28.57,0,1,2,0,2,0,0,0,0.0,16,1,0,2,1,0.0,6.68,339233,47700
0,40.0,3,0,0,1,0.0,8,0.0,0,0,2,1,2,0,0,0,0.0,4,3,0,0,0,0.0,6.68,1111537,273544
1,57.14,0,0,0,0,,4,25.0,0,0,1,1,1,0,0,1,0.0,4,3,0,1,0,0.0,6.68,1184225,335685
0,50.0,1,0,0,0,0.0,5,0.0,0,0,0,0,1,0,0,0,0.0,1,3,0,0,0,0.0,6.68,1486636,327860
0,57.14,3,0,0,1,0.0,14,0.0,0,0,0,0,3,0,0,0,0.0,4,8,0,0,0,0.0,6.68,221442,372975
2,44.44,1,0,0,1,,16,12.5,0,1,6,3,5,0,0,1,0.0,4,10,0,2,0,0.0,6.68,835655,33820
1,62.5,1,0,0,0,0.0,15,6.67,0,0,4,3,7,0,0,0,0.0,5,7,0,1,1,0.0,6.68,1008538,47700
1,57.14,3,0,0,0,0.0,10,10.0,0,1,0,0,3,0,0,0,0.0,4,4,0,1,0,0.0,6.68,830700,273544
3,33.33,0,0,2,0,0.0,10,30.0,1,0,5,0,3,0,0,0,0.0,1,7,0,1,2,0.0,6.68,964421,327910
0,100.0,1,0,0,0,,1,0.0,0,0,0,0,0,0,0,0,0.0,2,0,0,0,0,0.0,6.68,997288,33820
0,50.0,0,0,0,0,0.0,3,0.0,0,0,0,0,3,0,0,0,0.0,5,0,0,0,0,0.0,6.68,1468331,33714
0,40.91,11,0,0,2,0.0,27,0.0,3,0,1,3,7,0,0,0,0.0,9,9,0,0,0,0.0,6.68,805060,273544
0,52.0,1,0,0,0,0.0,6,0.0,0,0,0,1,1,0,0,0,0.0,13,4,0,0,0,0.0,6.67,26121,33820
0,33.33,2,1,0,0,0.0,4,0.0,0,0,1,0,0,0,0,0,0.0,2,2,0,0,0,0.0,6.67,1184181,6968
0,100.0,3,0,0,0,0.0,6,0.0,0,0,1,1,0,0,0,0,0.0,1,3,0,0,0,0.0,6.67,886573,7878
1,52.94,6,0,0,0,0.0,24,4.17,0,0,5,2,6,0,0,0,0.0,18,12,0,1,1,0.0,6.67,1389906,327860
2,87.5,1,0,0,0,,5,40.0,0,1,0,0,2,0,0,0,0.0,7,2,0,2,1,0.0,6.67,1477488,327910
1,56.82,2,0,0,1,0.0,19,5.26,0,1,7,2,8,0,0,0,0.0,25,9,0,1,0,0.0,6.67,962856,47701
1,40.0,2,0,1,0,0.0,6,16.67,0,0,1,1,1,0,0,0,0.0,2,3,0,0,1,0.0,6.67,268351,47701
0,100.0,1,0,0,0,0.0,1,0.0,0,0,0,0,0,0,0,0,0.0,1,0,0,0,0,0.0,6.67,1016168,33820
0,100.0,1,0,0,0,,1,0.0,0,0,0,0,0,0,0,0,0.0,2,0,0,0,0,0.0,6.67,1189882,273544
0,42.86,2,0,0,0,0.0,2,0.0,0,0,0,0,0,0,0,0,0.0,3,0,0,0,0,0.0,6.66,941618,268082
1,33.33,2,0,0,0,0.0,7,14.29,0,0,0,0,2,0,0,0,0.0,3,3,0,1,1,0.0,6.66,1490612,327910
0,33.33,5,0,0,0,0.0,14,0.0,0,0,2,1,1,0,0,0,0.0,5,8,0,0,0,0.0,6.66,975112,321264
0,66.67,3,0,0,3,0.0,15,0.0,0,0,2,1,2,0,0,0,0.0,24,10,0,0,0,0.0,6.66,1457532,47700
2,62.5,2,0,2,1,0.0,14,14.29,0,0,0,1,9,0,0,0,0.0,10,3,0,0,2,0.0,6.66,1468161,268083
1,53.85,2,0,0,1,0.0,16,6.25,0,0,1,1,5,0,0,1,0.0,7,9,0,1,0,0.0,6.66,923030,33820
4,48.44,14,1,1,2,0.0,70,5.71,2,0,28,9,30,1,0,1,0.0,31,26,0,3,3,0.0,6.66,1096363,335685
0,100.0,0,0,0,0,0.0,0,0.0,0,0,0,0,0,0,0,0,0.0,1,0,0,0,0,0.0,6.66,249283,423192
0,53.33,11,0,0,0,0.0,35,0.0,5,0,2,0,9,0,0,0,0.0,8,15,0,0,0,0.0,6.66,883604,327860
0,61.36,9,0,0,0,0.0,23,0.0,2,0,0,0,4,0,0,0,0.0,27,10,0,0,0,0.0,6.66,1184148,335685
6,50.0,12,1,0,1,0.0,41,14.63,2,2,7,2,16,0,0,0,0.0,10,13,0,6,4,0.0,6.65,1214756,273544
1,66.67,1,0,1,1,0.0,17,5.88,0,0,0,1,5,0,0,0,0.0,8,11,0,0,1,0.0,6.65,1085450,321264
2,40.0,1,0,0,0,0.0,5,40.0,0,0,0,0,2,0,0,0,0.0,2,2,0,2,2,0.0,6.65,802389,33820
1,40.0,2,0,0,0,0.0,12,8.33,0,1,4,1,5,0,0,0,0.0,2,5,0,1,0,0.0,6.65,1013156,335685
0,75.0,1,0,0,0,0.0,9,0.0,0,0,1,0,3,0,0,0,0.0,3,5,0,0,0,0.0,6.65,924870,7878
0,100.0,0,0,0,0,0.0,4,0.0,0,0,0,1,1,0,0,0,0.0,1,3,0,0,0,0.0,6.65,878667,268083
0,33.33,1,0,0,0,0.0,4,0.0,0,0,0,0,2,0,0,0,0.0,2,1,0,0,0,0.0,6.65,1424736,268083
0,25.0,3,0,0,1,0.0,7,0.0,1,0,2,1,1,0,0,0,0.0,1,3,0,0,0,0.0,6.65,797562,372975
0,44.44,1,0,0,0,0.0,5,0.0,1,0,0,0,3,0,0,0,0.0,4,1,0,0,0,0.0,6.65,312046,335685
2,59.09,3,0,0,0,0.0,20,10.0,0,0,2,4,7,0,0,0,0.0,13,10,0,2,2,0.0,6.65,961899,327860
1,93.33,4,1,0,2,0.0,14,7.14,0,1,1,0,4,0,0,0,0.0,14,6,0,1,0,0.0,6.64,818960,423192
0,66.67,0,0,0,0,0.0,1,0.0,0,0,0,0,1,0,0,0,0.0,2,0,0,0,0,0.0,6.64,1495614,327910
3,54.55,3,1,1,2,0.0,21,14.29,0,0,0,3,5,0,0,1,0.0,18,13,0,2,2,0.0,6.64,872029,327910
0,44.44,3,1,0,0,0.0,12,0.0,0,0,0,0,6,0,0,0,0.0,8,3,0,0,0,0.0,6.64,985178,423192
0,0.0,1,0,0,0,0.0,2,0.0,0,0,0,0,1,0,0,0,0.0,0,0,0,0,0,0.0,6.64,931429,32529
0,25.0,0,0,0,1,0.0,1,0.0,0,0,3,0,0,0,0,0,0.0,2,1,0,0,0,0.0,6.64,932249,268082
0,75.0,1,1,0,0,0.0,16,0.0,0,0,0,0,3,0,0,0,0.0,6,12,0,0,0,0.0,6.64,1092596,321264
0,60.0,1,0,0,0,0.0,3,0.0,0,0,0,0,0,0,0,0,0.0,6,2,0,0,0,0.0,6.64,973552,268082
0,0.0,0,0,0,0,0.0,3,0.0,0,0,1,0,0,0,0,0,0.0,0,3,0,0,0,0.0,6.64,886569,33820
0,100.0,0,0,0,0,0.0,2,0.0,0,0,0,0,0,0,0,0,0.0,1,2,0,0,0,0.0,6.64,1469365,268083
0,0.0,0,0,0,0,0.0,0,0.0,0,0,0,0,0,0,0,0,0.0,0,0,0,0,0,0.0,6.64,931393,33714
1,50.0,2,0,1,0,0.0,7,14.29,0,0,0,0,2,0,0,1,0.0,5,3,0,0,0,0.0,6.63,931565,47700
1,62.5,0,0,0,0,0.0,5,20.0,0,0,0,0,2,0,0,1,0.0,5,3,0,1,0,0.0,6.63,40070,327860
0,0.0,0,0,0,0,0.0,10,0.0,0,0,0,1,2,0,0,0,0.0,0,8,0,0,0,0.0,6.63,249293,372975
0,0.0,0,0,0,1,,3,0.0,0,0,1,0,0,0,0,0,0.0,0,3,0,0,0,0.0,6.63,64884,33820
0,77.78,0,0,0,1,0.0,4,0.0,0,0,2,0,1,0,0,0,0.0,7,3,0,0,0,0.0,6.63,805447,7878
1,62.5,10,0,0,0,0.0,36,2.78,0,0,4,4,11,0,0,0,0.0,35,15,0,1,1,0.0,6.63,1184199,268082
0,100.0,2,0,0,0,,7,0.0,0,0,0,1,2,0,0,0,0.0,2,3,0,0,0,0.0,6.63,220983,6968
1,37.5,1,0,0,0,0.0,12,8.33,0,0,0,1,5,0,0,0,0.0,3,6,0,1,1,0.0,6.63,1118608,6968
2,42.86,5,0,0,0,0.0,15,13.33,0,1,2,0,5,0,0,0,0.0,3,5,0,2,1,0.0,6.63,868709,372975
1,36.67,4,0,0,0,0.0,11,9.09,0,0,3,1,2,0,0,1,0.0,11,5,0,1,0,0.0,6.63,846381,47700
0,50.0,5,0,0,0,0.0,16,0.0,3,0,1,0,2,0,0,0,0.0,2,9,0,0,0,0.0,6.63,47219,33714
0,53.85,5,0,0,0,0.0,17,0.0,1,0,0,0,3,0,0,0,0.0,7,9,0,0,0,0.0,6.63,1495594,423192
0,42.86,4,1,0,0,0.0,13,0.0,3,0,3,0,5,0,0,0,0.0,6,4,0,0,0,0.0,6.63,975088,47701
0,68.29,4,0,0,0,0.0,18,0.0,0,0,6,0,1,0,0,0,0.0,28,13,0,0,0,0.0,6.62,1457550,268082
0,80.0,1,0,0,0,0.0,7,0.0,1,0,1,0,1,0,0,0,0.0,4,5,0,0,0,0.0,6.62,936531,33820
1,63.89,3,0,0,1,0.0,10,10.0,0,1,3,1,4,0,0,0,0.0,23,3,0,1,0,0.0,6.62,1457544,6968
0,0.0,0,0,0,0,0.0,1,0.0,0,0,0,0,0,0,0,0,0.0,0,1,0,0,0,0.0,6.62,1390320,268083
2,67.57,0,0,1,0,0.0,13,15.38,0,1,0,0,5,0,0,1,0.0,25,8,0,1,0,0.0,6.62,923028,327910
0,83.33,1,0,0,0,,5,0.0,1,0,1,0,1,0,0,0,0.0,5,3,0,0,0,0.0,6.62,837062,327860
0,50.0,2,0,0,0,,6,0.0,0,0,0,0,1,0,0,0,0.0,3,3,0,0,0,0.0,6.62,1386912,33820
0,48.0,1,0,0,0,0.0,4,0.0,0,0,2,0,3,0,0,0,0.0,12,0,0,0,0,0.0,6.62,1114100,32529
2,40.0,0,0,0,0,0.0,4,50.0,0,1,1,0,3,0,0,0,0.0,4,1,0,2,1,0.0,6.61,1128911,7059
0,52.94,0,0,0,0,0.0,4,0.0,0,0,0,0,2,0,0,0,0.0,9,2,0,0,0,0.0,6.61,1184156,372975
0,37.5,2,0,0,0,0.0,14,0.0,4,0,0,0,4,0,0,0,0.0,3,8,0,0,0,0.0,6.61,876835,423192
0,46.15,3,0,0,0,0.0,12,0.0,0,0,3,0,3,0,0,0,0.0,6,6,0,0,0,0.0,6.61,954360,327860
0,63.64,1,0,0,0,,8,0.0,2,0,0,1,2,0,0,0,0.0,7,5,0,0,0,0.0,6.61,1495618,327910
3,48.0,3,1,0,0,0.0,14,21.43,0,0,2,2,5,0,0,2,0.0,12,6,0,3,1,0.0,6.6,1093015,33714
2,73.33,1,0,1,0,0.0,9,22.22,5,0,0,0,7,0,1,0,0.0,11,1,0,1,2,20.0,6.6,1000386,327860
2,38.89,2,0,0,0,,7,28.57,0,0,1,0,3,0,0,0,0.0,7,2,0,2,2,0.0,6.6,885601,33820
1,0.0,0,0,0,0,0.0,2,50.0,0,0,0,0,1,0,0,1,0.0,0,1,0,1,0,0.0,6.6,985020,273544
0,37.5,1,1,0,1,0.0,12,0.0,0,0,0,4,4,0,0,0,0.0,3,7,0,0,0,0.0,6.6,927209,32529
0,0.0,0,0,0,0,,1,0.0,0,0,0,0,1,0,0,0,0.0,0,0,0,0,0,0.0,6.6,1394846,273544
0,0.0,0,0,0,0,,1,0.0,0,0,0,0,0,0,0,0,0.0,0,1,0,0,0,0.0,6.6,1102013,273544
0,0.0,0,0,0,0,,1,0.0,0,0,0,0,1,0,0,0,0.0,0,0,0,0,0,0.0,6.6,1495632,33714
0,0.0,0,0,0,0,,0,0.0,0,0,0,0,0,0,0,0,0.0,0,0,0,0,0,0.0,6.6,1503711,7878
0,0.0,0,0,0,0,,0,0.0,0,0,0,0,0,0,0,0,0.0,0,0,0,0,0,0.0,6.6,1521676,7059
0,0.0,0,0,0,0,,1,0.0,0,0,0,0,0,0,0,0,0.0,0,1,0,0,0,0.0,6.6,1523704,372975
0,0.0,0,0,0,0,,1,0.0,0,0,0,0,0,0,0,0,0.0,0,1,0,0,0,0.0,6.6,1495626,423192
0,66.67,2,0,0,0,,8,0.0,0,0,1,0,2,0,0,0,0.0,8,4,0,0,0,0.0,6.6,1176790,6968
0,0.0,0,0,0,0,0.0,1,0.0,0,0,0,0,0,0,0,0,0.0,0,1,0,0,0,0.0,6.6,1184194,32529
0,0.0,0,0,0,0,0.0,0,0.0,0,0,0,0,0,0,0,0,0.0,0,0,0,0,0,0.0,6.6,1114076,33714
0,0.0,0,0,0,0,0.0,0,0.0,0,0,0,0,0,0,0,0,0.0,0,0,0,0,0,0.0,6.6,1495634,335685
0,0.0,0,0,0,0,0.0,1,0.0,0,0,0,0,1,0,0,0,0.0,0,0,0,0,0,0.0,6.6,1177043,327910
0,0.0,0,0,0,0,0.0,0,0.0,0,0,0,0,0,0,0,0,0.0,0,0,0,0,0,0.0,6.6,1593987,327910
0,50.0,1,0,0,0,0.0,3,0.0,0,0,3,0,0,0,0,0,0.0,1,2,0,0,0,0.0,6.6,877530,33820
0,0.0,0,0,0,0,0.0,0,0.0,0,0,0,0,0,0,0,0,0.0,0,0,0,0,0,0.0,6.6,1499988,321264
0,0.0,0,0,0,0,0.0,1,0.0,0,0,0,0,0,0,0,0,0.0,0,1,0,0,0,0.0,6.6,1114102,268083
0,100.0,1,0,0,1,0.0,4,0.0,0,0,0,1,1,0,0,0,0.0,2,2,0,0,0,0.0,6.6,1197049,32529
0,60.0,2,0,0,0,0.0,7,0.0,2,0,0,0,1,0,0,0,0.0,3,4,0,0,0,0.0,6.6,925862,327910
0,42.86,0,0,0,0,0.0,5,0.0,0,0,0,0,1,0,0,0,0.0,3,4,0,0,0,0.0,6.6,1017425,372975
0,57.14,1,0,0,0,0.0,3,0.0,0,0,1,0,0,0,0,0,0.0,4,2,0,0,0,0.0,6.6,1017471,7059
0,60.0,3,0,0,0,0.0,12,0.0,0,0,1,0,2,0,0,0,0.0,3,7,0,0,0,0.0,6.6,127827,321264
0,48.0,0,0,0,0,0.0,4,0.0,0,0,4,0,1,0,0,0,0.0,12,3,0,0,0,0.0,6.59,1485495,321264
1,47.62,10,0,0,0,0.0,23,4.35,2,0,0,0,3,0,0,0,0.0,10,10,0,1,1,0.0,6.59,923034,268082
1,42.86,0,0,0,1,0.0,7,14.29,0,0,3,2,3,0,0,1,0.0,3,4,0,1,0,0.0,6.59,1017451,321264
0,33.33,2,0,0,0,0.0,5,0.0,0,0,2,0,0,0,0,0,0.0,1,3,0,0,0,0.0,6.59,941619,33714
0,100.0,0,0,0,0,0.0,0,0.0,0,0,0,0,0,0,0,0,0.0,2,0,0,0,0,0.0,6.59,846775,7878
0,46.88,2,0,0,0,0.0,11,0.0,1,0,1,0,3,0,0,0,0.0,15,6,0,0,0,0.0,6.59,246979,33820
0,44.44,1,0,0,0,0.0,7,0.0,0,0,2,1,0,0,0,0,0.0,8,6,0,0,0,0.0,6.59,878666,32529
1,33.33,4,0,1,1,0.0,10,10.0,1,0,0,0,2,0,0,0,0.0,2,4,0,0,1,0.0,6.59,838877,273544
0,38.46,3,0,0,0,0.0,20,0.0,0,0,4,5,4,0,0,0,0.0,5,13,0,0,0,0.0,6.59,874468,268082
0,0.0,2,0,0,0,0.0,3,0.0,0,0,4,0,1,0,0,0,0.0,0,0,0,0,0,0.0,6.59,1184191,423192
0,66.67,0,0,0,0,0.0,2,0.0,0,0,0,0,1,0,0,0,0.0,2,1,0,0,0,0.0,6.58,875244,268082
1,57.14,4,0,0,0,0.0,10,10.0,0,0,0,0,3,0,0,1,0.0,8,3,0,1,0,0.0,6.58,1495666,327910
0,62.5,1,0,0,0,0.0,4,0.0,0,0,0,0,1,0,0,0,0.0,5,2,0,0,0,0.0,6.58,1184195,32529
0,100.0,0,0,0,0,0.0,0,0.0,0,0,0,0,0,0,0,0,0.0,2,0,0,0,0,0.0,6.58,1495603,372975
1,45.0,3,0,0,0,0.0,7,14.29,0,0,0,0,2,0,0,0,0.0,9,2,0,1,1,0.0,6.58,75850,327910
1,37.5,3,0,0,0,0.0,19,5.26,0,0,4,1,5,0,0,0,0.0,9,11,0,1,1,0.0,6.58,931395,423192
0,0.0,0,0,0,0,,2,0.0,0,0,0,0,0,0,0,0,0.0,0,2,0,0,0,0.0,6.58,247121,7878
0,75.0,0,0,0,0,,0,0.0,0,0,0,0,0,0,0,0,0.0,3,0,0,0,0,0.0,6.58,932239,327860
0,37.5,2,0,0,1,0.0,9,0.0,0,0,3,0,2,0,0,0,0.0,3,5,0,0,0,0.0,6.57,979327,6968
1,0.0,0,0,1,0,0.0,1,100.0,0,0,1,0,1,0,0,1,0.0,0,0,0,0,0,0.0,6.57,1173831,372975
0,60.0,0,0,0,0,0.0,5,0.0,0,0,0,2,1,0,0,0,0.0,3,4,0,0,0,0.0,6.57,1214769,33820
0,0.0,0,0,0,0,0.0,1,0.0,0,0,0,0,1,0,0,0,0.0,0,0,0,0,0,0.0,6.57,1198428,372975
0,100.0,0,0,0,0,0.0,0,0.0,0,0,0,0,0,0,0,0,0.0,1,0,0,0,0,0.0,6.57,1495600,33714
1,51.43,8,0,0,1,0.0,18,5.56,0,0,1,3,8,0,0,1,0.0,18,2,0,1,0,0.0,6.57,932240,273544
1,38.46,2,0,0,2,0.0,5,20.0,0,0,1,0,1,0,0,0,0.0,10,2,0,1,1,0.0,6.56,588494,33820
0,0.0,0,0,0,0,,0,0.0,0,0,0,0,0,0,0,0,0.0,0,0,0,0,0,0.0,6.56,1169063,7878
0,0.0,0,0,0,0,0.0,0,0.0,0,0,0,0,0,0,0,0,0.0,0,0,0,0,0,0.0,6.56,1464252,327910
0,21.43,2,0,0,0,0.0,5,0.0,0,0,0,0,0,0,0,0,0.0,3,3,0,0,0,0.0,6.56,1017443,327860
0,60.0,1,0,0,0,0.0,4,0.0,0,0,0,1,0,0,0,0,0.0,3,3,0,0,0,0.0,6.56,886712,327910
1,43.24,4,0,0,1,0.0,21,4.76,0,1,3,4,8,0,0,0,0.0,16,9,0,1,0,0.0,6.56,1495615,423192
0,51.35,7,0,0,1,0.0,18,0.0,0,0,1,2,4,0,0,0,0.0,19,7,0,0,0,0.0,6.56,1102022,273544
0,100.0,1,0,0,0,0.0,4,0.0,0,0,0,0,1,0,0,0,0.0,1,2,0,0,0,0.0,6.56,108190,6968
0,44.0,1,0,0,1,0.0,11,0.0,0,0,7,1,4,0,0,0,0.0,11,6,0,0,0,0.0,6.56,805218,321264
0,76.92,4,0,0,0,0.0,11,0.0,0,0,1,0,2,0,0,0,0.0,10,5,0,0,0,0.0,6.55,1495644,423192
1,45.95,2,0,0,1,0.0,17,5.88,0,0,1,0,7,0,0,0,0.0,17,8,0,1,1,0.0,6.55,978012,327910
0,0.0,0,0,0,0,,0,0.0,0,0,0,0,0,0,0,0,0.0,0,0,0,0,0,0.0,6.55,975113,327860
0,50.0,0,0,0,0,,0,0.0,0,0,0,0,0,0,0,0,0.0,2,0,0,0,0,0.0,6.55,1495648,423192
0,100.0,0,0,0,0,0.0,0,0.0,0,0,0,0,0,0,0,0,0.0,1,0,0,0,0,0.0,6.55,815441,273544
1,50.0,0,0,0,0,0.0,8,12.5,0,0,2,3,5,0,0,1,0.0,3,3,0,1,0,0.0,6.54,1102014,7878
0,33.33,1,0,0,2,0.0,10,0.0,0,0,2,1,4,0,0,0,0.0,2,5,0,0,0,0.0,6.54,39341,372975
1,16.67,1,0,0,0,0.0,6,16.67,0,0,0,0,1,0,0,0,0.0,1,4,0,1,1,0.0,6.54,1495663,372975
0,62.5,0,0,0,0,0.0,8,0.0,0,0,0,0,2,0,0,0,0.0,5,6,0,0,0,0.0,6.54,877589,7059
0,50.0,1,0,0,0,0.0,1,0.0,0,0,0,0,0,0,0,0,0.0,2,0,0,0,0,0.0,6.54,1462160,321264
3,50.0,2,0,0,0,,10,30.0,0,0,2,2,5,2,0,0,100.0,1,3,2,3,3,0.0,6.54,937806,7059
0,0.0,1,0,0,0,0.0,4,0.0,0,0,1,0,1,0,0,0,0.0,0,2,0,0,0,0.0,6.54,1394161,327860
0,25.0,0,0,0,0,0.0,2,0.0,0,0,0,0,0,0,0,0,0.0,1,2,0,0,0,0.0,6.54,805224,335685
0,0.0,1,0,0,0,0.0,7,0.0,0,0,1,2,2,0,0,0,0.0,0,4,0,0,0,0.0,6.54,33709,372975
0,0.0,0,0,0,0,0.0,0,0.0,0,0,0,0,0,0,0,0,0.0,0,0,0,0,0,0.0,6.53,1488633,327860
0,0.0,0,0,0,0,0.0,0,0.0,0,0,0,0,0,0,0,0,0.0,0,0,0,0,0,0.0,6.53,40939,7878
0,0.0,0,0,0,0,,1,0.0,0,0,1,0,1,0,0,0,0.0,0,0,0,0,0,0.0,6.53,876304,7059
0,85.71,0,0,0,0,,0,0.0,0,0,0,0,0,0,0,0,0.0,6,0,0,0,0,0.0,6.53,1397693,33820
0,50.0,0,0,0,0,0.0,0,0.0,0,0,1,0,0,0,0,0,0.0,1,0,0,0,0,0.0,6.53,1495611,423192
0,45.45,1,0,0,0,0.0,3,0.0,0,0,0,0,2,0,0,0,0.0,5,0,0,0,0,0.0,6.53,1457541,6968
1,25.0,1,0,0,0,0.0,9,11.11,0,0,2,3,5,1,0,0,0.0,1,3,0,1,1,0.0,6.53,146389,268082
0,44.44,0,1,0,0,0.0,4,0.0,0,0,2,0,1,0,0,0,0.0,4,3,0,0,0,0.0,6.52,868704,32529
0,66.67,2,1,0,0,0.0,4,0.0,0,0,0,1,1,0,0,0,0.0,2,1,0,0,0,0.0,6.52,146379,6968
0,0.0,1,0,0,0,,1,0.0,0,0,0,0,0,0,0,0,0.0,0,0,0,0,0,0.0,6.52,886597,327860
2,47.37,6,0,1,1,0.0,17,11.76,1,0,0,2,4,0,0,1,0.0,9,7,0,1,1,0.0,6.52,147470,372975
1,70.0,4,1,0,0,0.0,17,5.88,0,0,5,3,7,1,0,1,0.0,7,6,0,1,0,0.0,6.52,1147179,327910
0,40.0,0,0,0,1,,3,0.0,0,0,6,0,0,0,0,0,0.0,2,3,0,0,0,0.0,6.52,1098807,335685
0,60.0,2,0,0,0,0.0,3,0.0,0,0,0,0,0,0,0,0,0.0,3,1,0,0,0,0.0,6.52,1197418,268083
0,68.42,0,0,0,0,0.0,2,0.0,1,0,0,0,0,0,0,0,0.0,13,2,0,0,0,0.0,6.52,980812,47701
0,100.0,1,0,0,0,0.0,4,0.0,0,0,0,0,0,0,0,0,0.0,1,3,0,0,0,0.0,6.52,876826,33820
1,85.71,1,0,0,0,0.0,3,33.33,0,0,0,0,2,0,0,1,0.0,6,0,0,1,0,0.0,6.51,221800,32529
1,18.75,3,0,1,0,0.0,16,6.25,0,0,1,0,4,0,0,0,0.0,3,9,0,0,1,0.0,6.51,1468324,33820
0,47.83,1,0,0,0,0.0,3,0.0,0,0,1,0,0,0,0,0,0.0,11,2,0,0,0,0.0,6.51,1495650,335685
0,55.56,2,0,0,0,0.0,6,0.0,0,0,1,0,1,0,0,0,0.0,10,3,0,0,0,0.0,6.51,561244,33714
0,18.75,0,1,0,0,0.0,5,0.0,0,0,0,0,4,0,0,0,0.0,3,1,0,0,0,0.0,6.51,1109295,273544
0,45.45,3,0,0,0,,6,0.0,1,0,0,0,1,0,0,0,0.0,5,2,0,0,0,0.0,6.51,1495642,423192
0,43.75,8,0,0,0,,12,0.0,0,0,0,0,0,0,0,0,0.0,7,4,0,0,0,0.0,6.51,1147180,321264
0,0.0,0,0,0,0,,0,0.0,0,0,0,0,0,0,0,0,0.0,0,0,0,0,0,0.0,6.5,1177427,33820
0,0.0,0,0,0,0,,1,0.0,0,0,0,0,0,0,0,0,0.0,0,1,0,0,0,0.0,6.5,1184173,268083
0,0.0,0,0,0,0,,0,0.0,0,0,0,0,0,0,0,0,0.0,0,0,0,0,0,0.0,6.5,1503866,372975
0,0.0,0,0,0,0,,0,0.0,0,0,0,0,0,0,0,0,0.0,0,0,0,0,0,0.0,6.5,1510596,372975
0,100.0,0,0,0,0,,1,0.0,0,0,0,0,0,0,0,0,0.0,1,1,0,0,0,0.0,6.5,1169070,33820
0,0.0,1,0,0,0,,1,0.0,0,0,0,0,0,0,0,0,0.0,0,0,0,0,0,0.0,6.5,1507621,372975
0,0.0,1,0,0,0,,2,0.0,2,0,0,0,0,0,0,0,0.0,0,1,0,0,0,0.0,6.5,831013,7878
0,100.0,0,0,0,0,,2,0.0,0,0,0,0,0,0,0,0,0.0,2,2,0,0,0,0.0,6.5,1000740,372975
0,0.0,0,0,0,0,,0,0.0,0,0,0,0,0,0,0,0,0.0,0,0,0,0,0,0.0,6.5,876823,372975
0,50.0,0,0,0,0,,0,0.0,0,0,0,0,0,0,0,0,0.0,1,0,0,0,0,0.0,6.5,1169062,33820
0,0.0,1,0,0,0,,1,0.0,0,0,0,0,0,0,0,0,0.0,0,0,0,0,0,0.0,6.5,1184215,335685
0,50.0,0,0,0,0,0.0,0,0.0,0,0,0,0,0,0,0,0,0.0,1,0,0,0,0,0.0,6.5,1092690,7878
0,0.0,0,0,0,0,0.0,1,0.0,0,0,0,0,0,0,0,0,0.0,0,1,0,0,0,0.0,6.5,1189878,273544
0,0.0,0,0,0,0,0.0,0,0.0,0,0,0,0,0,0,0,0,0.0,0,0,0,0,0,0.0,6.5,1116574,327860
0,0.0,0,0,0,0,0.0,0,0.0,0,0,0,0,0,0,0,0,0.0,0,0,0,0,0,0.0,6.5,1475507,321264
0,0.0,1,0,0,0,0.0,2,0.0,0,0,0,0,0,0,0,0,0.0,0,1,0,0,0,0.0,6.5,1169068,423192
0,0.0,0,0,0,0,0.0,0,0.0,0,0,0,0,0,0,0,0,0.0,0,0,0,0,0,0.0,6.5,1510216,327910
0,25.0,1,0,0,0,0.0,2,0.0,0,0,2,0,0,0,0,0,0.0,2,1,0,0,0,0.0,6.5,1510599,268082
0,52.38,3,0,0,0,0.0,13,0.0,1,0,3,0,3,0,0,0,0.0,11,7,0,0,0,0.0,6.5,1017441,47701
0,70.0,0,0,0,1,0.0,6,0.0,0,0,2,2,2,0,0,0,0.0,7,4,0,0,0,0.0,6.49,975103,268083
0,56.6,7,0,0,1,0.0,24,0.0,0,0,2,0,7,0,0,0,0.0,30,10,0,0,0,0.0,6.49,840988,423192
0,100.0,2,0,0,0,0.0,4,0.0,0,0,0,0,2,0,0,0,0.0,2,0,0,0,0,0.0,6.49,975110,321264
0,57.14,0,0,0,0,0.0,2,0.0,0,0,0,0,1,0,0,0,0.0,4,1,0,0,0,0.0,6.49,1197423,327860
0,66.67,1,0,0,0,,4,0.0,2,0,0,0,2,0,0,0,0.0,2,1,0,0,0,0.0,6.49,824930,7059
0,0.0,0,0,0,0,0.0,4,0.0,0,0,0,0,0,0,0,0,0.0,0,4,0,0,0,0.0,6.49,975078,423192
1,44.44,4,0,0,0,0.0,13,7.69,0,0,2,0,4,0,0,0,0.0,12,5,0,1,1,0.0,6.49,1104156,327860
0,20.0,1,0,0,0,,2,0.0,0,0,0,0,0,0,0,0,0.0,1,1,0,0,0,0.0,6.48,1159650,47701
0,75.0,0,0,0,1,0.0,5,0.0,0,0,0,0,0,0,0,0,0.0,3,5,0,0,0,0.0,6.48,1102027,47701
0,33.33,0,0,0,0,0.0,5,0.0,0,0,0,1,1,0,0,0,0.0,1,4,0,0,0,0.0,6.48,1017466,335685
0,40.0,1,0,0,0,0.0,2,0.0,0,0,0,0,0,0,0,0,0.0,4,1,0,0,0,0.0,6.48,1013157,6968
0,0.0,0,0,0,0,0.0,1,0.0,0,0,1,0,0,0,0,0,0.0,0,1,0,0,0,0.0,6.48,805339,372975
0,42.86,1,0,0,0,0.0,2,0.0,0,0,0,1,1,0,0,0,0.0,3,0,0,0,0,0.0,6.48,1008537,273544
0,70.0,2,0,0,0,0.0,3,0.0,0,0,1,0,0,0,0,0,0.0,14,1,0,0,0,0.0,6.47,1108720,321264
0,25.0,0,0,0,0,0.0,2,0.0,0,0,0,0,0,0,0,0,0.0,1,2,0,0,0,0.0,6.47,1495652,423192
0,60.0,3,0,0,0,0.0,4,0.0,0,0,0,0,0,0,0,0,0.0,6,1,0,0,0,0.0,6.47,1495683,327910
1,26.09,4,0,0,0,0.0,17,5.88,1,0,9,3,4,1,0,0,100.0,6,9,1,1,1,0.0,6.47,944161,6968
0,0.0,0,0,0,0,0.0,1,0.0,0,0,0,0,0,0,0,0,0.0,0,1,0,0,0,0.0,6.47,1184207,327910
0,0.0,1,0,0,0,0.0,1,0.0,0,0,0,0,0,0,0,0,0.0,0,0,0,0,0,0.0,6.47,1457552,268083
0,0.0,0,0,0,0,0.0,1,0.0,0,0,0,0,0,0,0,0,0.0,0,1,0,0,0,0.0,6.46,931640,321264
0,0.0,0,0,0,0,,0,0.0,0,0,0,0,0,0,0,0,0.0,0,0,0,0,0,0.0,6.45,1471233,268083
0,0.0,0,0,0,0,,0,0.0,0,0,0,0,0,0,0,0,0.0,0,0,0,0,0,0.0,6.45,1495643,423192
0,0.0,0,0,0,0,,1,0.0,0,0,0,0,1,0,0,0,0.0,0,0,0,0,0,0.0,6.45,1468163,268083
0,0.0,0,0,0,0,0.0,0,0.0,0,0,0,0,0,0,0,0,0.0,0,0,0,0,0,0.0,6.45,1010408,327860
0,0.0,0,0,0,0,0.0,1,0.0,0,0,0,0,0,0,0,0,0.0,0,1,0,0,0,0.0,6.45,885623,423192
0,0.0,3,1,0,0,0.0,6,0.0,0,0,1,0,0,0,0,0,0.0,0,3,0,0,0,0.0,6.45,246989,372975
0,68.75,1,0,0,0,0.0,9,0.0,1,0,0,0,3,0,0,0,0.0,11,5,0,0,0,0.0,6.45,1495617,423192
0,50.0,1,0,0,0,0.0,9,0.0,0,0,0,2,3,0,0,0,0.0,9,5,0,0,0,0.0,6.45,1394851,321264
1,40.0,3,0,0,0,0.0,7,14.29,0,0,2,0,3,0,0,0,0.0,8,1,0,1,1,0.0,6.44,923033,47701
0,18.18,1,0,0,0,0.0,6,0.0,0,0,1,0,2,0,0,0,0.0,2,3,0,0,0,0.0,6.44,1092597,6968
0,50.0,0,0,0,0,0.0,0,0.0,0,0,0,0,0,0,0,0,0.0,1,0,0,0,0,0.0,6.43,1499986,7878
1,77.27,0,1,0,0,0.0,11,9.09,0,1,0,1,1,0,0,0,0.0,17,10,0,1,0,0.0,6.43,1457547,6968
1,43.75,0,0,0,1,0.0,6,16.67,0,0,1,0,1,0,0,1,0.0,7,5,0,1,0,0.0,6.43,973569,33820
0,66.67,0,0,0,0,0.0,0,0.0,0,0,0,0,0,0,0,0,0.0,2,0,0,0,0,0.0,6.43,923024,6968
0,66.67,0,0,0,0,0.0,0,0.0,0,0,0,0,0,0,0,0,0.0,2,0,0,0,0,0.0,6.43,1471256,33820
0,28.57,1,0,0,0,,2,0.0,0,0,0,1,1,0,0,0,0.0,2,0,0,0,0,0.0,6.42,929291,268082
0,0.0,1,0,0,0,,1,0.0,0,0,0,0,0,0,0,0,0.0,0,0,0,0,0,0.0,6.4,1465093,6968
0,0.0,1,0,0,0,,1,0.0,0,0,0,0,0,0,0,0,0.0,0,0,0,0,0,0.0,6.4,1510857,321264
0,0.0,0,0,0,0,,0,0.0,0,0,0,0,0,0,0,0,0.0,0,0,0,0,0,0.0,6.4,964229,47701
0,0.0,0,0,0,0,,0,0.0,0,0,0,0,0,0,0,0,0.0,0,0,0,0,0,0.0,6.4,1093524,33820
0,0.0,1,0,0,0,,1,0.0,0,0,1,0,0,0,0,0,0.0,0,0,0,0,0,0.0,6.4,883602,423192
0,0.0,1,0,0,0,,2,0.0,0,0,0,0,0,0,0,0,0.0,0,1,0,0,0,0.0,6.4,1495616,372975
0,0.0,0,0,0,0,0.0,0,0.0,0,0,0,0,0,0,0,0,0.0,0,0,0,0,0,0.0,6.4,1483011,32529
0,0.0,0,0,0,0,0.0,0,0.0,0,0,0,0,0,0,0,0,0.0,0,0,0,0,0,0.0,6.4,1495678,335685
0,0.0,0,0,0,0,0.0,0,0.0,0,0,0,0,0,0,0,0,0.0,0,0,0,0,0,0.0,6.4,1177040,273544
1,0.0,2,0,0,0,,5,20.0,0,1,0,1,1,0,0,0,0.0,0,2,0,1,0,0.0,6.39,1495629,423192
0,0.0,1,0,0,0,0.0,2,0.0,0,0,0,0,0,0,0,0,0.0,0,1,0,0,0,0.0,6.39,1471660,47701
0,0.0,1,1,0,0,0.0,2,0.0,0,0,0,1,1,0,0,0,0.0,0,0,0,0,0,0.0,6.38,1184185,6968
0,100.0,0,0,0,0,0.0,0,0.0,0,0,0,0,0,0,0,0,0.0,1,0,0,0,0,0.0,6.38,1184190,33714
0,80.0,0,0,0,0,,0,0.0,0,0,0,0,0,0,0,0,0.0,4,0,0,0,0,0.0,6.38,1464250,47701
0,33.33,0,0,0,0,0.0,1,0.0,0,0,0,1,0,0,0,0,0.0,1,1,0,0,0,0.0,6.38,1457554,6968
0,0.0,0,0,0,0,0.0,0,0.0,0,0,0,0,0,0,0,0,0.0,0,0,0,0,0,0.0,6.37,891844,327860
0,16.67,0,0,0,0,0.0,1,0.0,0,0,1,0,0,0,0,0,0.0,2,1,0,0,0,0.0,6.37,1177426,33820
0,50.0,0,0,0,0,0.0,1,0.0,0,0,3,0,0,0,0,0,0.0,3,1,0,0,0,0.0,6.37,874465,268082
0,0.0,0,0,0,0,0.0,1,0.0,0,0,0,0,0,0,0,0,0.0,0,1,0,0,0,0.0,6.37,1495596,327860
0,0.0,0,0,0,0,0.0,0,0.0,0,0,0,0,0,0,0,0,0.0,0,0,0,0,0,0.0,6.36,1495655,327860
0,25.0,0,0,0,0,,0,0.0,0,0,0,0,0,0,0,0,0.0,1,0,0,0,0,0.0,6.35,1477489,327910
0,50.0,0,0,0,0,0.0,0,0.0,0,0,0,0,0,0,0,0,0.0,1,0,0,0,0,0.0,6.35,1009953,6968
0,50.0,0,0,0,0,0.0,2,0.0,0,0,0,0,1,0,0,0,0.0,1,1,0,0,0,0.0,6.35,932913,372975
0,0.0,0,0,0,0,,0,0.0,0,0,0,0,0,0,0,0,0.0,0,0,0,0,0,0.0,6.34,1490613,327910
0,25.0,0,0,0,0,0.0,2,0.0,0,0,1,0,2,0,0,0,0.0,2,0,0,0,0,0.0,6.34,1114093,32529
0,33.33,0,0,0,0,,0,0.0,0,0,0,0,0,0,0,0,0.0,1,0,0,0,0,0.0,6.33,1000475,33820
0,0.0,0,0,0,0,0.0,0,0.0,0,0,0,0,0,0,0,0,0.0,0,0,0,0,0,0.0,6.3,975066,33820
0,0.0,0,0,0,0,0.0,0,0.0,0,0,0,0,0,0,0,0,0.0,0,0,0,0,0,0.0,6.3,1116476,335685
0,0.0,0,0,0,0,0.0,0,0.0,0,0,0,0,0,0,0,0,0.0,0,0,0,0,0,0.0,6.3,1595972,33820
0,0.0,0,0,0,0,0.0,0,0.0,0,0,0,0,0,0,0,0,0.0,0,0,0,0,0,0.0,6.3,1184230,33714
0,0.0,0,0,0,0,0.0,0,0.0,0,0,0,0,0,0,0,0,0.0,0,0,0,0,0,0.0,6.3,891848,6968
0,33.33,0,0,0,0,0.0,2,0.0,0,0,0,0,1,0,0,0,0.0,2,1,0,0,0,0.0,6.3,1495668,372975
0,14.29,0,0,0,0,,3,0.0,1,0,0,0,2,0,0,0,0.0,1,1,0,0,0,0.0,6.28,33024,423192
1,0.0,0,0,0,0,0.0,2,50.0,0,0,0,0,2,0,0,1,0.0,0,0,0,1,0,0.0,6.28,921380,423192
0,0.0,0,0,0,0,0.0,0,0.0,0,0,1,0,0,0,0,0,0.0,0,0,0,0,0,0.0,6.27,295335,33714
0,50.0,0,0,0,0,,1,0.0,0,0,0,0,0,0,0,0,0.0,1,1,0,0,0,0.0,6.2,1394165,327860
0,25.0,0,0,0,0,,1,0.0,0,0,0,1,0,0,0,0,0.0,1,1,0,0,0,0.0,6.2,1495684,423192
0,50.0,0,0,0,0,0.0,5,0.0,0,0,1,1,1,0,0,0,0.0,1,4,0,0,0,0.0,6.2,1184227,327860
0,100.0,0,0,0,0,0.0,3,0.0,0,0,0,2,1,0,0,0,0.0,1,2,0,0,0,0.0,6.16,876827,6968
0,40.0,0,0,0,0,,0,0.0,0,0,0,0,0,0,0,0,0.0,2,0,0,0,0,0.0,6.15,1468007,47701
0,0.0,0,0,0,0,0.0,0,0.0,0,0,0,0,0,0,0,0,0.0,0,0,0,0,0,0.0,6.14,1018548,32529
0,0.0,0,0,0,0,,2,0.0,0,0,0,0,1,0,0,0,0.0,0,1,0,0,0,0.0,6.1,986570,6968
0,0.0,0,0,0,0,,0,0.0,0,0,0,0,0,0,0,0,0.0,0,0,0,0,0,0.0,6.1,878668,423192
0,33.33,0,0,0,0,,0,0.0,0,0,0,0,0,0,0,0,0.0,1,0,0,0,0,0.0,6.1,1495619,372975
0,0.0,0,0,0,0,0.0,0,0.0,0,0,0,0,0,0,0,0,0.0,0,0,0,0,0,0.0,6.05,1507620,372975
0,12.5,2,0,0,0,,4,0.0,0,0,1,2,1,0,0,0,0.0,1,1,0,0,0,0.0,6.0,1386915,7878
0,80.0,0,0,0,0,,0,0.0,0,0,1,0,0,0,0,0,0.0,4,0,0,0,0,0.0,5.88,588518,335685
0,0.0,0,0,0,0,,0,0.0,0,0,0,0,0,0,0,0,0.0,0,0,0,0,0,0.0,5.7,1177044,273544
0,0.0,0,0,0,0,0.0,0,0.0,0,0,0,0,0,0,0,0,0.0,0,0,0,0,0,0.0,5.7,1013129,327860
0,0.0,0,0,0,0,,2,0.0,0,0,0,0,0,0,0,0,0.0,0,2,0,0,0,0.0,5.58,1102723,7878
0,0.0,1,0,0,0,,3,0.0,0,0,0,0,0,0,0,0,0.0,0,2,0,0,0,0.0,4.9,1113387,327910
0,0.0,0,0,0,0,,0,0.0,0,0,0,0,0,0,0,0,0.0,0,0,0,0,0,0.0,0.0,1511838,372975
0,0.0,0,0,0,0,,0,0.0,0,0,0,0,0,0,0,0,0.0,0,0,0,0,0,0.0,0.0,975115,335685
0,0.0,0,0,0,0,,0,0.0,0,0,0,0,0,0,0,0,0.0,0,0,0,0,0,0.0,0.0,1184220,327910
0,0.0,0,0,0,0,,0,0.0,0,0,0,0,0,0,0,0,0.0,0,0,0,0,0,0.0,0.0,1495606,7878
0,0.0,0,0,0,0,0.0,0,0.0,0,0,0,0,0,0,0,0,0.0,0,0,0,0,0,0.0,0.0,1522303,321264
0,0.0,0,0,0,0,0.0,0,0.0,0,0,0,0,0,0,0,0,0.0,0,0,0,0,0,0.0,0.0,1495660,327910
0,0.0,0,0,0,0,0.0,1,0.0,0,0,0,0,0,0,0,0,0.0,0,1,0,0,0,0.0,0.0,1104165,33714
